idMovielens,uriDBpedia
1453,http://dbpedia.org/resource/Angel_on_My_Shoulder_%28film%29
1251,http://dbpedia.org/resource/A_Chef_in_Love
82,http://dbpedia.org/resource/Jurassic_Park_III
420,http://dbpedia.org/resource/Alice_in_Wonderland_%281951_film%29
658,http://dbpedia.org/resource/Pump_Up_the_Volume_%28film%29
280,http://dbpedia.org/resource/Up%21_Close_and_Personal
973,http://dbpedia.org/resource/Grateful_Dead:_So_Far
791,http://dbpedia.org/resource/Babysitters_%28film%29
531,http://dbpedia.org/resource/Shine_%28film%29
1228,http://dbpedia.org/resource/Under_Siege_2:_Dark_Territory
762,http://dbpedia.org/resource/Beautiful_Girls_%28film%29
1575,http://dbpedia.org/resource/If....
1225,http://dbpedia.org/resource/Angus_%28film%29
119,http://dbpedia.org/resource/Maya_Lin:_A_Strong_Clear_Vision
914,http://dbpedia.org/resource/Wild_Things
732,http://dbpedia.org/resource/Dave_%28film%29
481,http://dbpedia.org/resource/L%27Appartement
1350,http://dbpedia.org/resource/Broken_Arrows
654,http://dbpedia.org/resource/Chinatown_%28film%29
736,http://dbpedia.org/resource/Shadowlands_%28film%29
419,http://dbpedia.org/resource/Mary_Poppins_%28film%29
1027,http://dbpedia.org/resource/Shoot_%27Em_Up
464,http://dbpedia.org/resource/Vanya_on_42nd_Street
14,http://dbpedia.org/resource/Il_Postino
271,http://dbpedia.org/resource/Starship_Troopers_%28film%29
1276,http://dbpedia.org/resource/Sunset_Park_%28film%29
1411,http://dbpedia.org/resource/Barbarella_%28film%29
628,http://dbpedia.org/resource/Sleepers_%28film%29
1268,http://dbpedia.org/resource/Bitter_Moon
910,http://dbpedia.org/resource/Nil_by_Mouth_%28film%29
1120,http://dbpedia.org/resource/I%27m_Not_Rappaport_%28film%29
1033,http://dbpedia.org/resource/Homeward_Bound_II:_Lost_in_San_Francisco
1000,http://dbpedia.org/resource/Lightning_Jack
902,http://dbpedia.org/resource/The_Big_Lebowski
1106,http://dbpedia.org/resource/The_Newton_Boys
752,http://dbpedia.org/resource/The_Replacement_Killers
85,http://dbpedia.org/resource/Lef
421,http://dbpedia.org/resource/Tum_and_Teav:_Romeo_and_Juliet
1612,http://dbpedia.org/resource/The_Leading_Man
1657,http://dbpedia.org/resource/Target_%281995_film%29
11,http://dbpedia.org/resource/Seventeen_%281985_film%29
221,http://dbpedia.org/resource/Breaking_the_Waves
273,http://dbpedia.org/resource/Heat_%281995_film%29
284,http://dbpedia.org/resource/Tin_Cup
1427,http://dbpedia.org/resource/Darkness_%281993_film%29
181,http://dbpedia.org/resource/Return_of_the_Texan
405,http://dbpedia.org/resource/Mission:_Impossible_%28film%29
1005,http://dbpedia.org/resource/The_Double_Life_of_V%C3%A9ronique
1597,http://dbpedia.org/resource/Romper_Stomper
1127,http://dbpedia.org/resource/The_Truman_Show
22,http://dbpedia.org/resource/Braveheart
1143,http://dbpedia.org/resource/Hard_Eight_%28film%29
1576,http://dbpedia.org/resource/A_Hungarian_Fairy_Tale
972,http://dbpedia.org/resource/Passion_Fish
1091,http://dbpedia.org/resource/Pete%27s_Dragon
224,http://dbpedia.org/resource/Ridicule
1406,http://dbpedia.org/resource/When_Night_Is_Falling
1002,http://dbpedia.org/resource/Pesu
1275,http://dbpedia.org/resource/Bulletproof_Monk
111,http://dbpedia.org/resource/The_Truth_About_Cats_%26_Dogs
167,http://dbpedia.org/resource/Private_Benjamin
829,http://dbpedia.org/resource/Fled
765,http://dbpedia.org/resource/Boomerang_%281992_film%29
1210,http://dbpedia.org/resource/Virtuosity
406,http://dbpedia.org/resource/Thinner_%28film%29
217,http://dbpedia.org/resource/Bram_Stoker%27s_Dracula%27s_Curse
31,http://dbpedia.org/resource/Crimson_Tide_%28film%29
675,http://dbpedia.org/resource/Nosferatu
701,http://dbpedia.org/resource/Wonder_Bar
921,http://dbpedia.org/resource/Farewell_My_Concubine_%28film%29
854,http://dbpedia.org/resource/Bad_Taste
768,http://dbpedia.org/resource/Casper_%28film%29
47,http://dbpedia.org/resource/Ed_Wood_%28film%29
75,http://dbpedia.org/resource/Tag:_The_Assassination_Game
777,http://dbpedia.org/resource/Castle_Freak
1100,http://dbpedia.org/resource/What_Happened_Was
975,http://dbpedia.org/resource/Fear_%281946_film%29
91,http://dbpedia.org/resource/The_Nightmare_Before_Christmas
1165,http://dbpedia.org/resource/Big_Bully_%28film%29
1487,http://dbpedia.org/resource/Even_Cowgirls_Get_the_Blues_%28film%29
36,http://dbpedia.org/resource/Mad_Love_%281995_film%29
1618,http://dbpedia.org/resource/King_of_New_York
1257,http://dbpedia.org/resource/The_Designated_Mourner
979,http://dbpedia.org/resource/The_Trigger_Effect
1361,http://dbpedia.org/resource/Free_Jimmy
476,http://dbpedia.org/resource/The_First_Wives_Club
790,http://dbpedia.org/resource/Tommy_Boy
810,http://dbpedia.org/resource/Shadowed
1572,http://dbpedia.org/resource/Wend_Kuuni
1514,http://dbpedia.org/resource/Dream_with_the_Fishes
37,http://dbpedia.org/resource/Nadja_%28film%29
227,http://dbpedia.org/resource/Star_Trek_VI:_The_Undiscovered_Country
84,http://dbpedia.org/resource/Curse_of_the_Puppet_Master
760,http://dbpedia.org/resource/Screamers_%281995_film%29
1129,http://dbpedia.org/resource/Peking_Express_%28film%29
1164,http://dbpedia.org/resource/Zeus_and_Roxanne
1110,http://dbpedia.org/resource/Tank_Girl_%28film%29
155,http://dbpedia.org/resource/Dirty_Dancing
61,http://dbpedia.org/resource/Three_Colors:_White
1473,http://dbpedia.org/resource/Ice_Princess
587,http://dbpedia.org/resource/The_Hour_of_the_Pig
908,http://dbpedia.org/resource/Half_Baked
230,http://dbpedia.org/resource/Star_Trek_IV:_The_Voyage_Home
608,http://dbpedia.org/resource/Spellbound_%281945_film%29
872,http://dbpedia.org/resource/Love_Jones_%28film%29
763,http://dbpedia.org/resource/Happy_Gilmore
693,http://dbpedia.org/resource/Casino_%28film%29
1638,http://dbpedia.org/resource/Normal_Life
548,http://dbpedia.org/resource/The_NeverEnding_Story_III
657,http://dbpedia.org/resource/The_Manchurian_Candidate_%281962_film%29
506,http://dbpedia.org/resource/Rebel_Without_a_Cause
551,http://dbpedia.org/resource/Lord_of_Illusions
434,http://dbpedia.org/resource/Forbidden_Planet
692,http://dbpedia.org/resource/The_American_President
846,http://dbpedia.org/resource/To_Gillian_on_Her_37th_Birthday
51,http://dbpedia.org/resource/Legends_of_the_Fall
1628,http://dbpedia.org/resource/Lamerica
267,http://dbpedia.org/resource/Unknown_%28film%29
338,http://dbpedia.org/resource/Bean_%28film%29
126,http://dbpedia.org/resource/The_Spitfire_Grill
709,http://dbpedia.org/resource/Strictly_Ballroom
407,http://dbpedia.org/resource/Spy_Hard
1172,http://dbpedia.org/resource/3_Women
124,http://dbpedia.org/resource/Lone_Star_%281996_film%29
1145,http://dbpedia.org/resource/Blue_Chips
761,http://dbpedia.org/resource/Nick_of_Time_%28film%29
497,http://dbpedia.org/resource/Bringing_Up_Baby
254,http://dbpedia.org/resource/Batman_%26_Robin_%28film%29
1459,http://dbpedia.org/resource/Madame_Butterfly_%281915_film%29
383,http://dbpedia.org/resource/Raining_Stones
317,http://dbpedia.org/resource/In_the_Name_of_the_Father_%28film%29
1312,http://dbpedia.org/resource/The_Pompatus_of_Love
1163,http://dbpedia.org/resource/The_Portrait_of_a_Lady_%28film%29
754,http://dbpedia.org/resource/Red_Corner
228,http://dbpedia.org/resource/Star_Trek_II:_The_Wrath_of_Khan
1607,http://dbpedia.org/resource/Hurricane_Streets
363,http://dbpedia.org/resource/Sudden_Death_%28film%29
1261,http://dbpedia.org/resource/Man_of_the_Century
1232,http://dbpedia.org/resource/Madonna_of_Avenue_A
1156,http://dbpedia.org/resource/Cyclo_%28film%29
1676,http://dbpedia.org/resource/The_War_at_Home_%28film%29
1174,http://dbpedia.org/resource/Caught_%281996_film%29
125,http://dbpedia.org/resource/Phenomenon_%28film%29
150,http://dbpedia.org/resource/Swingers_%281996_film%29
1423,http://dbpedia.org/resource/Waking_Ned
856,http://dbpedia.org/resource/Night_on_Earth
1068,http://dbpedia.org/resource/The_Star_Maker
1360,http://dbpedia.org/resource/Village_of_the_Giants
832,http://dbpedia.org/resource/Bogus_%28film%29
815,http://dbpedia.org/resource/One_Fine_Day
1465,http://dbpedia.org/resource/Murder_in_the_Hamptons
715,http://dbpedia.org/resource/To_Die_For_%281989_film%29
1627,http://dbpedia.org/resource/Sea_Wife
1186,http://dbpedia.org/resource/In_Hell
429,http://dbpedia.org/resource/The_Day_the_Earth_Stood_Still_%282008_film%29
978,http://dbpedia.org/resource/Heaven%27s_Prisoners
1403,http://dbpedia.org/resource/Caro_diario
1603,http://dbpedia.org/resource/Angela_%28film%29
1342,http://dbpedia.org/resource/Her_Convert
145,http://dbpedia.org/resource/Lawyer_Man
919,http://dbpedia.org/resource/The_City_of_Lost_Children
728,http://dbpedia.org/resource/Junior_%28film%29
137,http://dbpedia.org/resource/Big_Night
438,http://dbpedia.org/resource/Amityville_3-D
859,http://dbpedia.org/resource/April_Fool%27s_Day_%281986_film%29
1588,http://dbpedia.org/resource/Les_Cousins_%28film%29
1130,http://dbpedia.org/resource/Jupiter%27s_Darling_%28film%29
301,http://dbpedia.org/resource/In_%26_Out
994,http://dbpedia.org/resource/The_Last_Time_I_Committed_Suicide
934,http://dbpedia.org/resource/The_Preacher%27s_Wife
1560,http://dbpedia.org/resource/Coup_de_Torchon
53,http://dbpedia.org/resource/Natural_Born_Killers
1501,http://dbpedia.org/resource/Prisoner_of_the_Mountains
1661,http://dbpedia.org/resource/Neige
1,http://dbpedia.org/resource/Toy_Story_3
1150,http://dbpedia.org/resource/Last_Dance_%28film%29
740,http://dbpedia.org/resource/Jane_Eyre_%281996_film%29
808,http://dbpedia.org/resource/The_Program
1433,http://dbpedia.org/resource/Men_of_Respect
54,http://dbpedia.org/resource/Outbreak_%28film%29
640,http://dbpedia.org/resource/The_Cook%2C_the_Thief%2C_His_Wife_%26_Her_Lover
166,http://dbpedia.org/resource/Manon_des_Sources_%281986_film%29
433,http://dbpedia.org/resource/Heathers
1494,http://dbpedia.org/resource/I_mostri
1227,http://dbpedia.org/resource/An_Awfully_Big_Adventure
28,http://dbpedia.org/resource/Apollo_13_%28film%29
1437,http://dbpedia.org/resource/House_Party_3
1548,http://dbpedia.org/resource/The_Curtain_Pole
1436,http://dbpedia.org/resource/Mr._Jones_%28film%29
1608,http://dbpedia.org/resource/Buddy_Boy
1353,http://dbpedia.org/resource/1900_%28film%29
113,http://dbpedia.org/resource/The_Horseman_on_the_Roof
1464,http://dbpedia.org/resource/The_Stars_Fell_on_Henrietta
1584,http://dbpedia.org/resource/La_Symphonie_Pastorale_%28film%29
255,http://dbpedia.org/resource/My_Best_Friend%27s_Wedding
500,http://dbpedia.org/resource/Fly_Away_Home
312,http://dbpedia.org/resource/Midnight_in_the_Garden_of_Good_and_Evil_%28film%29
708,http://dbpedia.org/resource/My_Ex
174,http://dbpedia.org/resource/Raiders_of_the_Lost_Ark
9,http://dbpedia.org/resource/Dead_Man_Walking_%28film%29
1366,http://dbpedia.org/resource/JLG/JLG_%E2%80%93_Self-Portrait_in_December
1220,http://dbpedia.org/resource/Higher_Learning
40,http://dbpedia.org/resource/The_Wrong_Box
739,http://dbpedia.org/resource/Pretty_Woman
935,http://dbpedia.org/resource/Paradise_Road
819,http://dbpedia.org/resource/Eddie_%28film%29
622,http://dbpedia.org/resource/Swiss_Family_Robinson_%28film%29
520,http://dbpedia.org/resource/Tarzan_Escapes
759,http://dbpedia.org/resource/Fair_Game_%281995_film%29
81,http://dbpedia.org/resource/The_Hudsucker_Proxy
1169,http://dbpedia.org/resource/Fresh_%28film%29
756,http://dbpedia.org/resource/Father_of_the_Bride_Part_II
624,http://dbpedia.org/resource/The_Three_Caballeros
1190,http://dbpedia.org/resource/That_Old_Feeling_%28film%29
233,http://dbpedia.org/resource/Under_Siege
875,http://dbpedia.org/resource/She%27s_So_Lovely
1355,http://dbpedia.org/resource/Infinity_%28film%29
1161,http://dbpedia.org/resource/Palookaville_%28film%29
963,http://dbpedia.org/resource/Some_Call_It_Loving
180,http://dbpedia.org/resource/Apocalypse_Now
946,http://dbpedia.org/resource/The_Fox_and_the_Hound
1109,http://dbpedia.org/resource/Death_and_the_Maiden_%28film%29
585,http://dbpedia.org/resource/Son_in_Law
980,http://dbpedia.org/resource/Mother_Night_%28film%29
446,http://dbpedia.org/resource/Burnt_Offerings_%28film%29
360,http://dbpedia.org/resource/Wonderland_%281999_film%29
1224,http://dbpedia.org/resource/The_Scout
1626,http://dbpedia.org/resource/Nobody_Lives_Forever_%28film%29
351,http://dbpedia.org/resource/The_Prophecy_II
282,http://dbpedia.org/resource/A_Time_to_Kill_%28film%29
1255,http://dbpedia.org/resource/Broken_English_%281996_film%29
688,http://dbpedia.org/resource/Leave_It_to_Beaver_%28film%29
1274,http://dbpedia.org/resource/RoboCop_3
401,http://dbpedia.org/resource/The_Brady_Bunch_Movie
976,http://dbpedia.org/resource/Solo_%281996_film%29
702,http://dbpedia.org/resource/Barcelona_%28film%29
122,http://dbpedia.org/resource/The_Cable_Guy
673,http://dbpedia.org/resource/Cape_Fear_%281962_film%29
1240,http://dbpedia.org/resource/Ghost_in_the_Shell:_S.A.C._Solid_State_Society
1042,http://dbpedia.org/resource/Just_Cause_%28film%29
1630,http://dbpedia.org/resource/The_Silences_of_the_Palace
73,http://dbpedia.org/resource/Maverick_%28film%29
1317,http://dbpedia.org/resource/Journey_Into_Spring
483,http://dbpedia.org/resource/Casablanca_%28film%29
66,http://dbpedia.org/resource/While_You_Were_Sleeping
1086,http://dbpedia.org/resource/It%27s_My_Party_%28film%29
686,http://dbpedia.org/resource/A_Perfect_World
1599,http://dbpedia.org/resource/Swedes_in_America
682,http://dbpedia.org/resource/I_Know_What_You_Did_Last_Summer
1523,http://dbpedia.org/resource/A_Good_Man_in_Africa_%28film%29
744,http://dbpedia.org/resource/Michael_Collins_%28film%29
1424,http://dbpedia.org/resource/I_Like_It_Like_That_%28film%29
108,http://dbpedia.org/resource/Stealing_Candy
1226,http://dbpedia.org/resource/Night_Falls_on_Manhattan
154,http://dbpedia.org/resource/Monty_Python%27s_Life_of_Brian
1505,http://dbpedia.org/resource/Rehearsal_for_Murder
64,http://dbpedia.org/resource/The_Shawshank_Redemption
63,http://dbpedia.org/resource/Santa_Claws
1649,http://dbpedia.org/resource/BigLove
1515,http://dbpedia.org/resource/Wings_of_Courage
480,http://dbpedia.org/resource/North_by_Northwest
1614,http://dbpedia.org/resource/The_Reluctant_Debutante
499,http://dbpedia.org/resource/Cat_on_a_Hot_Tin_Roof_%28film%29
552,http://dbpedia.org/resource/Species_%28film%29
12,http://dbpedia.org/resource/The_Usual_Suspects
449,http://dbpedia.org/resource/Star_Trek:_The_Motion_Picture
1425,http://dbpedia.org/resource/I%27ll_Do_Anything
1417,http://dbpedia.org/resource/Fate%27s_Turning
681,http://dbpedia.org/resource/Wishmaster_%28film%29
1397,http://dbpedia.org/resource/Of_Human_Bondage_%281934_film%29
1319,http://dbpedia.org/resource/The_Neon_Bible_%28film%29
426,http://dbpedia.org/resource/The_Transformers:_The_Movie
814,http://dbpedia.org/resource/A_Great_Day_in_Harlem_%28film%29
820,http://dbpedia.org/resource/Space_Jam
1097,http://dbpedia.org/resource/La_Haine
1617,http://dbpedia.org/resource/Hugo_Pool
718,http://dbpedia.org/resource/The_Last_Winter
1636,http://dbpedia.org/resource/Big_Brother_Trouble
258,http://dbpedia.org/resource/Contact_%28film%29
905,http://dbpedia.org/resource/Great_Expectations_%281998_film%29
112,http://dbpedia.org/resource/Flipper_%281996_film%29
104,http://dbpedia.org/resource/Theodore_Rex
45,http://dbpedia.org/resource/Eat_Drink_Man_Woman
1253,http://dbpedia.org/resource/Them_Thar_Hills
292,http://dbpedia.org/resource/Rosewood_%28film%29
992,http://dbpedia.org/resource/Head_Above_Water
1192,http://dbpedia.org/resource/The_Boys_of_St._Vincent
368,http://dbpedia.org/resource/Bio-Dome
1573,http://dbpedia.org/resource/Spirits_of_the_Air%2C_Gremlins_of_the_Clouds
583,http://dbpedia.org/resource/Romeo_Is_Bleeding
129,http://dbpedia.org/resource/Boundin%27
925,http://dbpedia.org/resource/Unforgettable_%28film%29
1551,http://dbpedia.org/resource/The_Glass_Shield
42,http://dbpedia.org/resource/Clerks
431,http://dbpedia.org/resource/Highlander_%28film%29
533,http://dbpedia.org/resource/The_Daytrippers
250,http://dbpedia.org/resource/The_Fifth_Element
1544,http://dbpedia.org/resource/It_Takes_Two_%281995_film%29
1183,http://dbpedia.org/resource/Cowboy_Holiday
1518,http://dbpedia.org/resource/Losing_Isaiah
1354,http://dbpedia.org/resource/Venice/Venice
766,http://dbpedia.org/resource/Man_of_the_Year_%281995_film%29
341,http://dbpedia.org/resource/Critical_Care_%28film%29
1594,http://dbpedia.org/resource/Everest_%28film%29
1049,http://dbpedia.org/resource/House_Arrest_%28film%29
561,http://dbpedia.org/resource/Dracula_vs._Frankenstein
257,http://dbpedia.org/resource/Men_in_Black_II
172,http://dbpedia.org/resource/Pink_Five_Strikes_Back
1136,http://dbpedia.org/resource/Ghosts_of_Mississippi
164,http://dbpedia.org/resource/The_Abyss
318,http://dbpedia.org/resource/Schindler%27s_List
1144,http://dbpedia.org/resource/The_Quiet_Room
1450,http://dbpedia.org/resource/Golden_Earrings
661,http://dbpedia.org/resource/High_Noon
162,http://dbpedia.org/resource/On_Golden_Pond_%281981_film%29
572,http://dbpedia.org/resource/Blown_Away_%281994_film%29
327,http://dbpedia.org/resource/Cop_Land
1114,http://dbpedia.org/resource/Faithful_%28film%29
1121,http://dbpedia.org/resource/The_Umbrellas_of_Cherbourg
850,http://dbpedia.org/resource/Perfect_Friday
798,http://dbpedia.org/resource/Bad_Company_%281995_film%29
444,http://dbpedia.org/resource/The_Blob
526,http://dbpedia.org/resource/Ben-Hur_%281959_film%29
377,http://dbpedia.org/resource/Heavyweights
512,http://dbpedia.org/resource/Wings_of_Desire
1443,http://dbpedia.org/resource/8_Seconds
302,http://dbpedia.org/resource/L.A._Confidential_%28film%29
1362,http://dbpedia.org/resource/American_Standoff
1309,http://dbpedia.org/resource/A_Very_Natural_Thing
1207,http://dbpedia.org/resource/Jade_%28film%29
653,http://dbpedia.org/resource/Touch_of_Evil
90,http://dbpedia.org/resource/So_I_Married_an_Axe_Murderer
52,http://dbpedia.org/resource/The_Madness_of_King_George
1499,http://dbpedia.org/resource/Grosse_Fatigue
698,http://dbpedia.org/resource/The_Browning_Version_%281951_film%29
1578,http://dbpedia.org/resource/La_Collectionneuse
1392,http://dbpedia.org/resource/Los_Chantas
358,http://dbpedia.org/resource/Spawn_%28film%29
510,http://dbpedia.org/resource/The_Magnificent_Seven
374,http://dbpedia.org/resource/Mighty_Morphin_Power_Rangers:_The_Movie
1271,http://dbpedia.org/resource/Northfork
491,http://dbpedia.org/resource/The_Zany_Adventures_of_Robin_Hood
641,http://dbpedia.org/resource/Paths_of_Glory
1282,http://dbpedia.org/resource/Gharshana
69,http://dbpedia.org/resource/Forrest_Gump_%28film%29
1009,http://dbpedia.org/resource/Stealing_Beauty
795,http://dbpedia.org/resource/Richie_Rich_%28film%29
1139,http://dbpedia.org/resource/Hackers_%28film%29
136,http://dbpedia.org/resource/Mr._Smith_Goes_to_Washington
1041,http://dbpedia.org/resource/Forget_Paris
1370,http://dbpedia.org/resource/I_Can%27t_Sleep_%28film%29
440,http://dbpedia.org/resource/Amityville_II:_The_Possession
1641,http://dbpedia.org/resource/Bordertown_%281935_film%29
109,http://dbpedia.org/resource/Mystery_Science_Theater_3000:_The_Movie
969,http://dbpedia.org/resource/Winnie_the_Pooh_and_the_Blustery_Day
1431,http://dbpedia.org/resource/The_Gay_Deceivers
1040,http://dbpedia.org/resource/Two_If_by_Sea
1663,http://dbpedia.org/resource/Nothing_Personal_%282009_film%29
936,http://dbpedia.org/resource/Brassed_Off
1026,http://dbpedia.org/resource/Land_of_the_Blind
364,http://dbpedia.org/resource/Ace_Ventura:_When_Nature_Calls
443,http://dbpedia.org/resource/Nirdosh
453,http://dbpedia.org/resource/Jaws_3-D
563,http://dbpedia.org/resource/The_Wings_of_Eagles
1527,http://dbpedia.org/resource/Senseless
1416,http://dbpedia.org/resource/No_Escape
1387,http://dbpedia.org/resource/Fall_Guy
1654,http://dbpedia.org/resource/Chairman_of_the_Board_%28film%29
1333,http://dbpedia.org/resource/Midnight_Madness_%28film%29
1270,http://dbpedia.org/resource/Life_with_Mikey
1344,http://dbpedia.org/resource/Story_of_Barbara
749,http://dbpedia.org/resource/Cat_Chaser
1238,http://dbpedia.org/resource/Full_Speed
1337,http://dbpedia.org/resource/Larger_than_Life_%28film%29
1058,http://dbpedia.org/resource/D-War
1382,http://dbpedia.org/resource/Bonsoir
322,http://dbpedia.org/resource/Murder_at_1600
606,http://dbpedia.org/resource/All_About_Eve
1111,http://dbpedia.org/resource/Double_Happiness_%28film%29
1512,http://dbpedia.org/resource/The_World_of_Apu
1239,http://dbpedia.org/resource/Cutthroat_Island
384,http://dbpedia.org/resource/Naked_Gun_33%E2%85%93:_The_Final_Insult
1493,http://dbpedia.org/resource/A_Foreign_Affair
645,http://dbpedia.org/resource/Paris_Is_Burning_%28film%29
1299,http://dbpedia.org/resource/Penny_Serenade
25,http://dbpedia.org/resource/The_Birdcage
1522,http://dbpedia.org/resource/Trial_by_Jury_%28film%29
920,http://dbpedia.org/resource/Two_Bits
456,http://dbpedia.org/resource/Beverly_Hills_Ninja
354,http://dbpedia.org/resource/The_Wedding_Singer
353,http://dbpedia.org/resource/Deep_Rising
794,http://dbpedia.org/resource/It_Could_Happen_to_You_%28film%29
1173,http://dbpedia.org/resource/Bliss_%281917_film%29
390,http://dbpedia.org/resource/Fear_of_a_Black_Hat
369,http://dbpedia.org/resource/Black_Sheep_%281996_film%29
1019,http://dbpedia.org/resource/The_Musician_Killer
291,http://dbpedia.org/resource/Absolute_Power_%28film%29
140,http://dbpedia.org/resource/Homeward_Bound:_The_Incredible_Journey
511,http://dbpedia.org/resource/Lawrence_of_Arabia_%28film%29
1562,http://dbpedia.org/resource/Desert_Victory
560,http://dbpedia.org/resource/A_Kid_in_King_Arthur%27s_Court
1549,http://dbpedia.org/resource/Dreamland_%28film%29
1435,http://dbpedia.org/resource/Steal_%28film%29
242,http://dbpedia.org/resource/Kolya
1681,http://dbpedia.org/resource/You_So_Crazy
1546,http://dbpedia.org/resource/Shadow_Dancing_%281988_film%29
345,http://dbpedia.org/resource/Deconstructing_Harry
1293,http://dbpedia.org/resource/Star_Kid
87,http://dbpedia.org/resource/Searching_for_Bobby_Fischer
804,http://dbpedia.org/resource/Jimmy_Hollywood
281,http://dbpedia.org/resource/The_River_Wild
412,http://dbpedia.org/resource/A_Very_Brady_Sequel
1151,http://dbpedia.org/resource/Original_Gangstas
332,http://dbpedia.org/resource/Kiss_the_Girls_%28film%29
991,http://dbpedia.org/resource/Keys_to_Tulsa
1509,http://dbpedia.org/resource/Getting_Even_with_Dad
945,http://dbpedia.org/resource/Charade_%281953_film%29
603,http://dbpedia.org/resource/Rear_Window
399,http://dbpedia.org/resource/The_Musketeer
134,http://dbpedia.org/resource/Citizen_Kane
584,http://dbpedia.org/resource/Secret_Scandal
974,http://dbpedia.org/resource/Eye_for_an_Eye_%281996_film%29
1252,http://dbpedia.org/resource/Contempt_%28film%29
1052,http://dbpedia.org/resource/Dracula:_Dead_and_Loving_It
626,http://dbpedia.org/resource/So_Dear_to_My_Heart
1264,http://dbpedia.org/resource/Nothing_to_Lose_%281995_film%29
591,http://dbpedia.org/resource/Primal_Fear_%28film%29
519,http://dbpedia.org/resource/The_Treasure_of_the_Sierra_Madre_%28film%29
1014,http://dbpedia.org/resource/Romy_and_Michele%27s_High_School_Reunion
1595,http://dbpedia.org/resource/Shopping_%28film%29
203,http://dbpedia.org/resource/Unforgiven
553,http://dbpedia.org/resource/A_Walk_in_the_Clouds
1666,http://dbpedia.org/resource/Fire_%281996_film%29
933,http://dbpedia.org/resource/June_R
1051,http://dbpedia.org/resource/The_Associate
1088,http://dbpedia.org/resource/Double_Team_%28film%29
235,http://dbpedia.org/resource/Mars_Attacks%21
929,http://dbpedia.org/resource/Harriet_the_Spy_%281996_film%29
1187,http://dbpedia.org/resource/Switchblade_Sisters
197,http://dbpedia.org/resource/The_Graduate
1177,http://dbpedia.org/resource/Dunston_Checks_In
1388,http://dbpedia.org/resource/Gabbeh_%28film%29
1246,http://dbpedia.org/resource/Bushwhacked_%28film%29
1105,http://dbpedia.org/resource/Firestorm_%28film%29
517,http://dbpedia.org/resource/Manhattanites
450,http://dbpedia.org/resource/Star_Trek_V:_The_Final_Frontier
39,http://dbpedia.org/resource/Strange_Days_%28film%29
1007,http://dbpedia.org/resource/Waiting_for_Guffman
492,http://dbpedia.org/resource/East_of_Eden_%28film%29
1558,http://dbpedia.org/resource/Aparajito
1028,http://dbpedia.org/resource/Grumpier_Old_Men
105,http://dbpedia.org/resource/Sgt._Bilko_%28film%29
279,http://dbpedia.org/resource/Once_Upon_a_Time_in_Mexico
1168,http://dbpedia.org/resource/Little_Buddha
1035,http://dbpedia.org/resource/Cool_Runnings
1648,http://dbpedia.org/resource/Nieng_Arp
158,http://dbpedia.org/resource/Weekend_at_Bernie%27s_II
720,http://dbpedia.org/resource/First_Knight
1547,http://dbpedia.org/resource/Shool
1036,http://dbpedia.org/resource/Drop_Dead_Fred
1591,http://dbpedia.org/resource/Solution_%28film%29
30,http://dbpedia.org/resource/Belle_de_Jour_%281967_film%29
1099,http://dbpedia.org/resource/Miss_Firecracker
102,http://dbpedia.org/resource/The_Aristocats
1457,http://dbpedia.org/resource/Love_Is_All_There_Is
642,http://dbpedia.org/resource/Critters_4
1376,http://dbpedia.org/resource/Meet_Wally_Sparks
947,http://dbpedia.org/resource/Kid_Blue
190,http://dbpedia.org/resource/Henry_V_%281989_film%29
501,http://dbpedia.org/resource/Dumbo
1171,http://dbpedia.org/resource/Wild_Reeds_%28film%29
1038,http://dbpedia.org/resource/Switchback_%28film%29
1202,http://dbpedia.org/resource/Makdee
1075,http://dbpedia.org/resource/A_Man_of_No_Importance_%28film%29
1345,http://dbpedia.org/resource/Day_the_World_Ended
549,http://dbpedia.org/resource/Rob_Roy_%28film%29
220,http://dbpedia.org/resource/The_Mirror_Has_Two_Faces
888,http://dbpedia.org/resource/One_Night_Stand_%281997_film%29
880,http://dbpedia.org/resource/Soul_Food_%28film%29
315,http://dbpedia.org/resource/Apt_Pupil_%28film%29
477,http://dbpedia.org/resource/Matilda_%28film%29
941,http://dbpedia.org/resource/With_Honors_%28film%29
1134,http://dbpedia.org/resource/Get_on_the_Bus
513,http://dbpedia.org/resource/The_Third_Man
747,http://dbpedia.org/resource/Benny_%26_Joon
1369,http://dbpedia.org/resource/The_Forbidden_Christ
862,http://dbpedia.org/resource/Jingle_All_the_Way
436,http://dbpedia.org/resource/An_American_Werewolf_in_London
339,http://dbpedia.org/resource/Mad_City_%28film%29
323,http://dbpedia.org/resource/Dante%27s_Peak
667,http://dbpedia.org/resource/Audrey_Rose_%28film%29
1254,http://dbpedia.org/resource/Gone_Fishin%27_%28film%29
93,http://dbpedia.org/resource/Welcome_to_the_Dollhouse
72,http://dbpedia.org/resource/Mard
467,http://dbpedia.org/resource/A_Bronx_Tale
402,http://dbpedia.org/resource/Ghostwood
194,http://dbpedia.org/resource/Busting
1580,http://dbpedia.org/resource/Liebelei_%28film%29
1313,http://dbpedia.org/resource/Palmetto_%28film%29
275,http://dbpedia.org/resource/Sense_and_Sensibility_%28film%29
1357,http://dbpedia.org/resource/Man_of_the_Moment_%281955_film%29
321,http://dbpedia.org/resource/Mother_%281996_film%29
565,http://dbpedia.org/resource/Village_of_the_Damned_%281995_film%29
1482,http://dbpedia.org/resource/Gates_of_Heaven
460,http://dbpedia.org/resource/The_Crossing_Guard
680,http://dbpedia.org/resource/Kull_the_Conqueror
571,http://dbpedia.org/resource/Another_Stakeout
1189,http://dbpedia.org/resource/Prefontaine_%28film%29
1613,http://dbpedia.org/resource/Tokyo_Fist
70,http://dbpedia.org/resource/Four_Weddings_and_a_Funeral
1178,http://dbpedia.org/resource/Major_Payne
310,http://dbpedia.org/resource/Rain_Man
1383,http://dbpedia.org/resource/The_Second_Jungle_Book:_Mowgli_%26_Baloo
1032,http://dbpedia.org/resource/Little_Big_League
1581,http://dbpedia.org/resource/The_Act_in_Question
1128,http://dbpedia.org/resource/Show_Girl_in_Hollywood
1059,http://dbpedia.org/resource/Don%27t_Be_a_Menace_to_South_Central_While_Drinking_Your_Juice_in_the_Hood
1318,http://dbpedia.org/resource/Last_Call_%281995_film%29
498,http://dbpedia.org/resource/American_Teen
779,http://dbpedia.org/resource/Drop_Zone_%28film%29
942,http://dbpedia.org/resource/What%27s_Love_Got_to_Do_with_It_%28film%29
237,http://dbpedia.org/resource/Jerry_Maguire
554,http://dbpedia.org/resource/Waterworld
1394,http://dbpedia.org/resource/Swept_from_the_Sea
1647,http://dbpedia.org/resource/Hana-bi
100,http://dbpedia.org/resource/Fargo_%28film%29
337,http://dbpedia.org/resource/The_House_of_Yes
274,http://dbpedia.org/resource/Sabrina_%281995_film%29
1642,http://dbpedia.org/resource/Some_Mother%27s_Son
1301,http://dbpedia.org/resource/Stripes_%28film%29
414,http://dbpedia.org/resource/My_Favorite_Year
1400,http://dbpedia.org/resource/Picture_Bride_%28film%29
1124,http://dbpedia.org/resource/Farewell_to_Harry
1619,http://dbpedia.org/resource/All_Things_Fair
977,http://dbpedia.org/resource/The_Substitute
1517,http://dbpedia.org/resource/Race_the_Sun
1022,http://dbpedia.org/resource/F.I.S.T.
404,http://dbpedia.org/resource/Pinocchio_3000
1600,http://dbpedia.org/resource/Captain_America_%281990_film%29
1363,http://dbpedia.org/resource/The_Leopard_Man
750,http://dbpedia.org/resource/Amistad_%28film%29
13,http://dbpedia.org/resource/Mighty_Aphrodite
1122,http://dbpedia.org/resource/They_Made_Me_a_Criminal
1438,http://dbpedia.org/resource/Panther_%28film%29
437,http://dbpedia.org/resource/Amityville:_It%27s_About_Time
544,http://dbpedia.org/resource/Things_to_Do_in_Denver_When_You%27re_Dead
1631,http://dbpedia.org/resource/King_Shot
1179,http://dbpedia.org/resource/Man_of_the_House_%281995_film%29
95,http://dbpedia.org/resource/Aladdin_%281992_film%29
1412,http://dbpedia.org/resource/The_Land_Before_Time_III:_The_Time_of_the_Great_Giving
10,http://dbpedia.org/resource/Richard_III_%281995_film%29
1113,http://dbpedia.org/resource/Mrs._Parker_and_the_Vicious_Circle
635,http://dbpedia.org/resource/Rog
60,http://dbpedia.org/resource/Three_Colors:_Blue
442,http://dbpedia.org/resource/The_Amityville_Curse
157,http://dbpedia.org/resource/Platoon_%28film%29
116,http://dbpedia.org/resource/Sold_for_Marriage
43,http://dbpedia.org/resource/Disclosure_%28film%29
1598,http://dbpedia.org/resource/City_of_Industry_%28film%29
1418,http://dbpedia.org/resource/The_Joy_Luck_Club_%28film%29
1267,http://dbpedia.org/resource/Clockers_%28film%29
738,http://dbpedia.org/resource/Threesome_%28film%29
1348,http://dbpedia.org/resource/Death_Weekend
803,http://dbpedia.org/resource/Heaven_%26_Earth_%281993_film%29
924,http://dbpedia.org/resource/White_Squall_%28film%29
1455,http://dbpedia.org/resource/The_Outlaw
348,http://dbpedia.org/resource/Desperate_Measures
458,http://dbpedia.org/resource/Nixon_%28film%29
903,http://dbpedia.org/resource/Afterglow_%28film%29
707,http://dbpedia.org/resource/Enchanted_April
516,http://dbpedia.org/resource/Local_Hero
1055,http://dbpedia.org/resource/A_Simple_Twist_of_Fate
557,http://dbpedia.org/resource/Farinelli_%28film%29
1152,http://dbpedia.org/resource/In_Love_and_War_%281996_film%29
218,http://dbpedia.org/resource/Cape_Fear_%281991_film%29
874,http://dbpedia.org/resource/Career_Girls
647,http://dbpedia.org/resource/Arjun_%281985_film%29
605,http://dbpedia.org/resource/Meet_Me_in_St._Louis
478,http://dbpedia.org/resource/The_Philadelphia_Story_%28film%29
699,http://dbpedia.org/resource/Little_Women_%281994_film%29
1483,http://dbpedia.org/resource/The_Iron_Mask
1112,http://dbpedia.org/resource/Cobb_%28film%29
826,http://dbpedia.org/resource/Shantham
298,http://dbpedia.org/resource/Face/Off
1561,http://dbpedia.org/resource/The_Film_that_Wasn%27t
580,http://dbpedia.org/resource/The_Englishman_Who_Went_Up_a_Hill_But_Came_Down_a_Mountain
855,http://dbpedia.org/resource/Kinta_1881
676,http://dbpedia.org/resource/Insaciable
397,http://dbpedia.org/resource/Striking_Distance
1347,http://dbpedia.org/resource/Ballad_of_Tara
508,http://dbpedia.org/resource/The_People_vs._Larry_Flynt
601,http://dbpedia.org/resource/For_Whom_the_Bell_Tolls_%28film%29
465,http://dbpedia.org/resource/The_Jungle_Book_2
208,http://dbpedia.org/resource/Young_Frankenstein
782,http://dbpedia.org/resource/Little_Odessa
666,http://dbpedia.org/resource/Blood_of_Dracula%27s_Castle
1061,http://dbpedia.org/resource/The_Evening_Star
597,http://dbpedia.org/resource/Eraser_%28film%29
915,http://dbpedia.org/resource/Primary_Colors_%28film%29
385,http://dbpedia.org/resource/True_Lies
471,http://dbpedia.org/resource/Courage_Under_Fire
631,http://dbpedia.org/resource/The_Crying_Game
1230,http://dbpedia.org/resource/Brenda_Starr%2C_Reporter
496,http://dbpedia.org/resource/It%27s_a_Wonderful_Life
1077,http://dbpedia.org/resource/Love_and_a_.45
540,http://dbpedia.org/resource/Money_Train
1646,http://dbpedia.org/resource/Men_with_Guns
895,http://dbpedia.org/resource/Scream_2
849,http://dbpedia.org/resource/Days_of_Thunder
97,http://dbpedia.org/resource/Dances_with_Wolves
1565,http://dbpedia.org/resource/Daens_%28film%29
696,http://dbpedia.org/resource/City_Hall_%28film%29
1093,http://dbpedia.org/resource/Live_Nude_Girls_%28film%29
1339,http://dbpedia.org/resource/Intimate_Stories
1283,http://dbpedia.org/resource/Out_to_Sea
265,http://dbpedia.org/resource/The_Hunt_for_Red_October_%28film%29
713,http://dbpedia.org/resource/Othello_%281995_film%29
1489,http://dbpedia.org/resource/Chasers
625,http://dbpedia.org/resource/The_Sword_in_the_Stone_%28film%29
1138,http://dbpedia.org/resource/Best_Men
89,http://dbpedia.org/resource/Blade_Runner
840,http://dbpedia.org/resource/Last_Man_Standing_%28film%29
825,http://dbpedia.org/resource/Karnaval
293,http://dbpedia.org/resource/Donnie_Brasco_%28film%29
1288,http://dbpedia.org/resource/Denise_Calls_Up
1481,http://dbpedia.org/resource/S.F.W.
94,http://dbpedia.org/resource/Home_Alone
793,http://dbpedia.org/resource/Crooklyn
796,http://dbpedia.org/resource/Speechless_%28film%29
1219,http://dbpedia.org/resource/A_Goofy_Movie
1180,http://dbpedia.org/resource/I_Love_Trouble
1632,http://dbpedia.org/resource/Land_and_Freedom
1583,http://dbpedia.org/resource/L%27Initiation
41,http://dbpedia.org/resource/Billy_Madison
1248,http://dbpedia.org/resource/Blink_%28film%29
1511,http://dbpedia.org/resource/Children_of_the_Revolution_%28film%29
1209,http://dbpedia.org/resource/Mixed_Nuts
1330,http://dbpedia.org/resource/An_Unforgettable_Summer
637,http://dbpedia.org/resource/Howling_III
241,http://dbpedia.org/resource/Fall_of_the_Mohicans
1553,http://dbpedia.org/resource/Under_the_Lash
1328,http://dbpedia.org/resource/Lights_and_Shadows
139,http://dbpedia.org/resource/The_Love_Bug
1094,http://dbpedia.org/resource/A_Thin_Line_Between_Love_and_Hate
1279,http://dbpedia.org/resource/Wild_America_%28film%29
1530,http://dbpedia.org/resource/Jefferson_in_Paris
1441,http://dbpedia.org/resource/Moonlight_and_Valentino
562,http://dbpedia.org/resource/The_Quick_and_the_Undead
1045,http://dbpedia.org/resource/Fearless_%281993_film%29
646,http://dbpedia.org/resource/Once_Upon_a_Time_in_the_West
138,http://dbpedia.org/resource/D3:_The_Mighty_Ducks
1044,http://dbpedia.org/resource/Papori
886,http://dbpedia.org/resource/A_Life_Less_Ordinary
1555,http://dbpedia.org/resource/The_Secret_Adventures_of_Tom_Thumb
202,http://dbpedia.org/resource/Groundhog_Day_%28film%29
805,http://dbpedia.org/resource/Manhattan_Murder_Mystery
1308,http://dbpedia.org/resource/Cabin_Fever_%28film%29
1081,http://dbpedia.org/resource/Curdled_%28film%29
1131,http://dbpedia.org/resource/Safe_Men
577,http://dbpedia.org/resource/Coneheads_%28film%29
135,http://dbpedia.org/resource/2001:_A_Space_Odyssey_%28film%29
1079,http://dbpedia.org/resource/Joe%27s_Apartment
1469,http://dbpedia.org/resource/Tom_and_Huck
1545,http://dbpedia.org/resource/Frankenstein_1970
1508,http://dbpedia.org/resource/The_Babysitter
558,http://dbpedia.org/resource/Heavenly_Creatures
21,http://dbpedia.org/resource/Muppet_Treasure_Island
1444,http://dbpedia.org/resource/That_Darn_Cat%21_%281965_film%29
955,http://dbpedia.org/resource/Before_Sunrise
1660,http://dbpedia.org/resource/Small_Faces_%28film%29
579,http://dbpedia.org/resource/Final_Destination_3
958,http://dbpedia.org/resource/To_Live_or_Let_Die
1352,http://dbpedia.org/resource/Shadow_of_Angels
1340,http://dbpedia.org/resource/Crude_Oil_%28film%29
380,http://dbpedia.org/resource/Star_Trek_Generations
916,http://dbpedia.org/resource/Lost_in_Space_%28film%29
1285,http://dbpedia.org/resource/Princess_Caraboo_%28film%29
80,http://dbpedia.org/resource/Hot_Shots%21_Part_Deux
1454,http://dbpedia.org/resource/Angel_and_the_Badman
243,http://dbpedia.org/resource/Jungle_2_Jungle
514,http://dbpedia.org/resource/Annie_Hall
639,http://dbpedia.org/resource/Indru
32,http://dbpedia.org/resource/Crumb_%28film%29
371,http://dbpedia.org/resource/The_Bridges_of_Madison_County_%28film%29
239,http://dbpedia.org/resource/Sneakers_%28film%29
1556,http://dbpedia.org/resource/Condition_Dead
307,http://dbpedia.org/resource/The_Devil%27s_Advocate_%28film%29
660,http://dbpedia.org/resource/Fried_Green_Tomatoes_%28film%29
214,http://dbpedia.org/resource/Pink_Floyd_The_Wall_%28film%29
1384,http://dbpedia.org/resource/Squeeze_Play%21
1502,http://dbpedia.org/resource/Naked_in_New_York
1672,http://dbpedia.org/resource/Kika
408,http://dbpedia.org/resource/A_Close_Shave
133,http://dbpedia.org/resource/Gone_with_the_Wind_%28film%29
1213,http://dbpedia.org/resource/Guilty_as_Sin
985,http://dbpedia.org/resource/Bloodline_%28film%29
1298,http://dbpedia.org/resource/The_Band_Wagon
838,http://dbpedia.org/resource/In_the_Line_of_Duty:_Street_War
1579,http://dbpedia.org/resource/Upton_House
1359,http://dbpedia.org/resource/No_Sun_in_Venice
268,http://dbpedia.org/resource/Chasing_Amy
1440,http://dbpedia.org/resource/Above_the_Rim
569,http://dbpedia.org/resource/Wolf_Girl
530,http://dbpedia.org/resource/The_Man_Who_Would_Be_King_%28film%29
117,http://dbpedia.org/resource/Rocky
882,http://dbpedia.org/resource/Washington_Square_%28film%29
542,http://dbpedia.org/resource/Pocahontas_%281995_film%29
1222,http://dbpedia.org/resource/Judgment_Night_%28film%29
1472,http://dbpedia.org/resource/Visitor_Q
1197,http://dbpedia.org/resource/Family_Gathering
741,http://dbpedia.org/resource/La_steppa
823,http://dbpedia.org/resource/Mulholland_Falls
1463,http://dbpedia.org/resource/Yoyes
1629,http://dbpedia.org/resource/Napoleon_%281995_film%29
644,http://dbpedia.org/resource/The_Blue_Diner
617,http://dbpedia.org/resource/The_Blue_Angel
1680,http://dbpedia.org/resource/Sliding_Doors
733,http://dbpedia.org/resource/Go_Fish_%28film%29
1326,http://dbpedia.org/resource/Boys_%281996_film%29
539,http://dbpedia.org/resource/MouseHunt_%28film%29
2,http://dbpedia.org/resource/Goldene_Zeiten
883,http://dbpedia.org/resource/Telling_Lies_in_America
238,http://dbpedia.org/resource/Raising_Arizona
1072,http://dbpedia.org/resource/A_Pyromaniac%27s_Love_Story
1053,http://dbpedia.org/resource/Now_and_Then_%28film%29
651,http://dbpedia.org/resource/Glory_Daze
783,http://dbpedia.org/resource/Milk_Money_%28film%29
1504,http://dbpedia.org/resource/Der_bewegte_Mann
207,http://dbpedia.org/resource/Cyrano_de_Bergerac_%281990_film%29
592,http://dbpedia.org/resource/True_Crime_%281999_film%29
1324,http://dbpedia.org/resource/Leader_%281964_film%29
824,http://dbpedia.org/resource/The_Great_White_Hype
1272,http://dbpedia.org/resource/Talking_Cock_the_Movie
213,http://dbpedia.org/resource/A_Room_with_a_View_%28film%29
486,http://dbpedia.org/resource/Sabrina_%281954_film%29
1566,http://dbpedia.org/resource/Sabrina%2C_Down_Under
324,http://dbpedia.org/resource/Lost_Highway
1242,http://dbpedia.org/resource/The_Cat_Who_Walked_by_Herself
103,http://dbpedia.org/resource/All_Dogs_Go_to_Heaven_2
1405,http://dbpedia.org/resource/Boys_Life_2
1297,http://dbpedia.org/resource/Love_Affair_%281994_film%29
799,http://dbpedia.org/resource/Boys_Life_5
818,http://dbpedia.org/resource/Girl_6
1419,http://dbpedia.org/resource/Highlander:_The_Source
495,http://dbpedia.org/resource/Around_the_World_in_80_Days_%281956_film%29
1531,http://dbpedia.org/resource/Far_from_Home:_The_Adventures_of_Yellow_Dog
989,http://dbpedia.org/resource/Cats_Don%27t_Dance
1559,http://dbpedia.org/resource/Deadly_Intentions
677,http://dbpedia.org/resource/King_of_the_Mountain_%28film%29
961,http://dbpedia.org/resource/Orlando_%28film%29
694,http://dbpedia.org/resource/Persuasion_%281995_film%29
712,http://dbpedia.org/resource/Tin_Men
489,http://dbpedia.org/resource/Notorious_%281946_film%29
1214,http://dbpedia.org/resource/In_the_Realm_of_the_Senses
860,http://dbpedia.org/resource/The_Believers
757,http://dbpedia.org/resource/Across_the_Continent
1205,http://dbpedia.org/resource/Secret_Agent_420
965,http://dbpedia.org/resource/Funny_Face
610,http://dbpedia.org/resource/Gigi_%281958_film%29
249,http://dbpedia.org/resource/Austin_Powers:_International_Man_of_Mystery
1321,http://dbpedia.org/resource/Open_Season_%28film%29
801,http://dbpedia.org/resource/The_Air_Up_There
1203,http://dbpedia.org/resource/Top_Hat
189,http://dbpedia.org/resource/A_Grand_Day_Out
1592,http://dbpedia.org/resource/Magic_Town
877,http://dbpedia.org/resource/Excess_Baggage
1420,http://dbpedia.org/resource/Flatland:_The_Movie
361,http://dbpedia.org/resource/Incognito_%281997_film%29
567,http://dbpedia.org/resource/Wes_Craven%27s_New_Nightmare
1596,http://dbpedia.org/resource/Nemesis_2:_Nebula
950,http://dbpedia.org/resource/Georgia_%281995_film%29
1116,http://dbpedia.org/resource/The_Mask_of_Zorro
1137,http://dbpedia.org/resource/Beautiful_Thing
1296,http://dbpedia.org/resource/Indian_Summer_%281973_film%29
575,http://dbpedia.org/resource/City_Slickers_II:_The_Legend_of_Curly%27s_Gold
913,http://dbpedia.org/resource/Love_and_Death_on_Long_Island
1467,http://dbpedia.org/resource/So_This_Is_Washington
1294,http://dbpedia.org/resource/Ayn_Rand:_A_Sense_of_Life
283,http://dbpedia.org/resource/Emma_%281996_film%29
727,http://dbpedia.org/resource/Immortal_Beloved_%28film%29
1368,http://dbpedia.org/resource/Mina_Tannenbaum
1528,http://dbpedia.org/resource/Nowhere_%28film%29
99,http://dbpedia.org/resource/Snow_White_and_the_Seven_Dwarfs_%281937_film%29
523,http://dbpedia.org/resource/Cool_Hand_Luke
314,http://dbpedia.org/resource/3_Ninjas:_High_Noon_at_Mega_Mountain
678,http://dbpedia.org/resource/Volcano_%28film%29
1095,http://dbpedia.org/resource/High_School_High
996,http://dbpedia.org/resource/The_Big_Green
636,http://dbpedia.org/resource/Escape_from_New_York
461,http://dbpedia.org/resource/Smoke_%28film%29
366,http://dbpedia.org/resource/Dangerous_Minds
326,http://dbpedia.org/resource/22_June_1897
1153,http://dbpedia.org/resource/Backbeat_%28film%29
502,http://dbpedia.org/resource/Bananas%21*
128,http://dbpedia.org/resource/Supercock
334,http://dbpedia.org/resource/U_Turn
813,http://dbpedia.org/resource/The_Celluloid_Closet
435,http://dbpedia.org/resource/Butch_Cassidy_and_the_Sundance_Kid
101,http://dbpedia.org/resource/Heavy_Metal_2000
937,http://dbpedia.org/resource/A_Thousand_Acres_%28film%29
857,http://dbpedia.org/resource/Man_Is_a_Woman
1428,http://dbpedia.org/resource/SubUrbia_%28film%29
1601,http://dbpedia.org/resource/Office_Killer
1323,http://dbpedia.org/resource/Good_Men_and_True
457,http://dbpedia.org/resource/Free_Willy_3:_The_Rescue
1154,http://dbpedia.org/resource/Alphaville_%28film%29
907,http://dbpedia.org/resource/Lenin_in_1918
1377,http://dbpedia.org/resource/No_Greater_Love_%281996_film%29
415,http://dbpedia.org/resource/The_Apple_Dumpling_Gang_%28film%29
1316,http://dbpedia.org/resource/The_Horse_Whisperer
484,http://dbpedia.org/resource/Malle_Gevallen
806,http://dbpedia.org/resource/Menace_II_Society
847,http://dbpedia.org/resource/Looking_for_Richard
1665,http://dbpedia.org/resource/Brothers_Five
1426,http://dbpedia.org/resource/Grace_of_My_Heart
1399,http://dbpedia.org/resource/Stranger_in_Our_House
343,http://dbpedia.org/resource/Alien_Resurrection
494,http://dbpedia.org/resource/His_Girl_Friday
1422,http://dbpedia.org/resource/Suture_%28film%29
559,http://dbpedia.org/resource/Interview_with_the_Assassin
1507,http://dbpedia.org/resource/Three_Lives_and_Only_One_Death
582,http://dbpedia.org/resource/The_Piano
1043,http://dbpedia.org/resource/The_Utah_Kid_%281944_film%29
50,http://dbpedia.org/resource/Star_Warp%27d
8,http://dbpedia.org/resource/Babe_%28film%29
1215,http://dbpedia.org/resource/Barb_Wire_%28film%29
1012,http://dbpedia.org/resource/Private_Parts_%281997_film%29
1325,http://dbpedia.org/resource/August_%281996_film%29
470,http://dbpedia.org/resource/Tombstone_%28film%29
734,http://dbpedia.org/resource/Made_in_America_%28film%29
1231,http://dbpedia.org/resource/Marked_for_Death
1538,http://dbpedia.org/resource/All_Over_Me_%28film%29
997,http://dbpedia.org/resource/Stuart_Saves_His_Family
993,http://dbpedia.org/resource/Hercules_%281997_film%29
1071,http://dbpedia.org/resource/Party_Girl_%281995_film%29
1062,http://dbpedia.org/resource/Four_Days_in_September
1506,http://dbpedia.org/resource/Nelly_and_Mr._Arnaud
1115,http://dbpedia.org/resource/Twelfth_Night_%281955_film%29
83,http://dbpedia.org/resource/Much_Ado_About_Nothing_%28film%29
970,http://dbpedia.org/resource/Dear_Pyongyang
1664,http://dbpedia.org/resource/8_Heads_in_a_Duffel_Bag
1096,http://dbpedia.org/resource/Commitments
586,http://dbpedia.org/resource/Terminal_Velocity_%28film%29
1651,http://dbpedia.org/resource/The_Spanish_Prisoner
1623,http://dbpedia.org/resource/La_C%C3%A9r%C3%A9monie
1074,http://dbpedia.org/resource/Reality_Bites
737,http://dbpedia.org/resource/Sirens_%28film%29
165,http://dbpedia.org/resource/Jean_de_Florette
215,http://dbpedia.org/resource/Field_of_Dreams
1290,http://dbpedia.org/resource/Country_Life_%28film%29
1155,http://dbpedia.org/resource/Les_Rendez-vous_de_Paris
1273,http://dbpedia.org/resource/Color_of_Night
1244,http://dbpedia.org/resource/Metro_%281997_film%29
1667,http://dbpedia.org/resource/The_19th_Step
534,http://dbpedia.org/resource/Traveller_%28film%29
948,http://dbpedia.org/resource/Booty_Call
612,http://dbpedia.org/resource/Lost_Horizon_%281937_film%29
959,http://dbpedia.org/resource/Dazed_and_Confused
106,http://dbpedia.org/resource/Diabolique_%281996_film%29
170,http://dbpedia.org/resource/Cinema_Paradiso
742,http://dbpedia.org/resource/Ransom_%281996_film%29
1653,http://dbpedia.org/resource/Entertaining_Angels:_The_Dorothy_Day_Story
679,http://dbpedia.org/resource/Conan_the_Barbarian_%28film%29
1447,http://dbpedia.org/resource/Caged_Fury_%281989_film%29
1146,http://dbpedia.org/resource/Calendar_Girl_%281993_film%29
1519,http://dbpedia.org/resource/New_Jersey_Drive
159,http://dbpedia.org/resource/Basic_Instinct_2
541,http://dbpedia.org/resource/Mortal_Kombat_%28film%29
1536,http://dbpedia.org/resource/A_Swingin%27_Summer
960,http://dbpedia.org/resource/Naked_%28film%29
1448,http://dbpedia.org/resource/My_Favorite_Season
1289,http://dbpedia.org/resource/Jack_and_Sarah
1196,http://dbpedia.org/resource/Savage_Nights
912,http://dbpedia.org/resource/U.S._Marshals_%28film%29
1484,http://dbpedia.org/resource/Wooly_Boys
1513,http://dbpedia.org/resource/Sprung_%28film%29
1567,http://dbpedia.org/resource/Careful_%28film%29
525,http://dbpedia.org/resource/Light_Sleeper
1108,http://dbpedia.org/resource/Feast_of_July
1574,http://dbpedia.org/resource/Pharaoh_%28film%29
392,http://dbpedia.org/resource/Woman_Without_a_Face
1656,http://dbpedia.org/resource/Little_Witches
627,http://dbpedia.org/resource/Robin_Hood:_Prince_of_Thieves
1098,http://dbpedia.org/resource/Flirting_with_Disaster
1073,http://dbpedia.org/resource/Shallow_Grave
388,http://dbpedia.org/resource/Beverly_Hills_Cop_III
684,http://dbpedia.org/resource/In_the_Line_of_Fire
1236,http://dbpedia.org/resource/On_the_Ropes
871,http://dbpedia.org/resource/Vegas_Vacation
615,http://dbpedia.org/resource/Zeisters
1310,http://dbpedia.org/resource/A_Walk_in_the_Sun
1245,http://dbpedia.org/resource/Gridlock%27d
1101,http://dbpedia.org/resource/Six_Degrees_of_Separation_%28film%29
196,http://dbpedia.org/resource/Dead_Poets_Society
1184,http://dbpedia.org/resource/The_Endless_Summer
306,http://dbpedia.org/resource/His_Brother%27s_Ghost
570,http://dbpedia.org/resource/Wyatt_Earp_%28film%29
115,http://dbpedia.org/resource/The_Haunted_World_of_El_Superbeasto
1386,http://dbpedia.org/resource/Tetsuo_II:_Body_Hammer
1170,http://dbpedia.org/resource/Spanking_the_Monkey
355,http://dbpedia.org/resource/Sphere_%28film%29
328,http://dbpedia.org/resource/Conspiracy_Theory_%28film%29
376,http://dbpedia.org/resource/Houseguest
204,http://dbpedia.org/resource/Back_to_the_Future
24,http://dbpedia.org/resource/Rumble_in_the_Bronx
262,http://dbpedia.org/resource/In_the_Company_of_Men
537,http://dbpedia.org/resource/My_Own_Private_Idaho
568,http://dbpedia.org/resource/Speed_%281994_film%29
1125,http://dbpedia.org/resource/L%27innocente
1635,http://dbpedia.org/resource/Two_Friends_%28film%29
466,http://dbpedia.org/resource/Red_Rock_West
59,http://dbpedia.org/resource/Three_Colors:_Red
379,http://dbpedia.org/resource/Tales_from_the_Darkside:_The_Movie
468,http://dbpedia.org/resource/Rudy_%28film%29
424,http://dbpedia.org/resource/Children_of_the_Corn_IV:_The_Gathering
885,http://dbpedia.org/resource/Phantoms_%28film%29
845,http://dbpedia.org/resource/That_Thing_You_Do%21
1552,http://dbpedia.org/resource/Hounded
1066,http://dbpedia.org/resource/Balto_%28film%29
1306,http://dbpedia.org/resource/Delta_of_Venus_%28film%29
691,http://dbpedia.org/resource/Dark_City_%281998_film%29
1356,http://dbpedia.org/resource/Ed%27s_Next_Move
589,http://dbpedia.org/resource/The_Wild_Bunch
690,http://dbpedia.org/resource/Seven_Years_in_Tibet_%281997_film%29
418,http://dbpedia.org/resource/Cinderella_%281950_film%29
26,http://dbpedia.org/resource/The_Brothers_McMullen
389,http://dbpedia.org/resource/Black_Beauty_%281994_film%29
120,http://dbpedia.org/resource/Striptease_%28film%29
649,http://dbpedia.org/resource/Once_Upon_a_Time_in_America
1590,http://dbpedia.org/resource/Dog_Heaven
191,http://dbpedia.org/resource/Amadeus_%28film%29
422,http://dbpedia.org/resource/Aladdin_and_the_King_of_Thieves
1430,http://dbpedia.org/resource/Forgotten_Sins
1496,http://dbpedia.org/resource/Carpool_%28film%29
748,http://dbpedia.org/resource/Sajni
1159,http://dbpedia.org/resource/Stalker_%28film%29
1475,http://dbpedia.org/resource/Bhaji_on_the_Beach
1679,http://dbpedia.org/resource/Brocket_99
1492,http://dbpedia.org/resource/Road_to_Paris
968,http://dbpedia.org/resource/The_Inspector_General_%28film%29
1650,http://dbpedia.org/resource/Bullet_Boy
1385,http://dbpedia.org/resource/Roseanna%27s_Grave
1415,http://dbpedia.org/resource/The_Next_Karate_Kid
599,http://dbpedia.org/resource/Police_Story_4:_First_Strike
1452,http://dbpedia.org/resource/Lady_of_Burlesque
86,http://dbpedia.org/resource/The_Remains_of_the_Day_%28film%29
1625,http://dbpedia.org/resource/Nightwatch_%281997_film%29
1637,http://dbpedia.org/resource/Girls_Town_%281996_film%29
365,http://dbpedia.org/resource/Powder_%28film%29
1500,http://dbpedia.org/resource/Santa_with_Muscles
78,http://dbpedia.org/resource/Free_Willy
151,http://dbpedia.org/resource/Willy_Wonka_%26_the_Chocolate_Factory
240,http://dbpedia.org/resource/Beavis_and_Butt-head_Do_America
400,http://dbpedia.org/resource/Little_Ashes
724,http://dbpedia.org/resource/Circle_of_Friends_%281995_film%29
900,http://dbpedia.org/resource/Kundun
671,http://dbpedia.org/resource/Bride_of_Frankenstein
611,http://dbpedia.org/resource/Laura_%281944_film%29
161,http://dbpedia.org/resource/Top_Gun
780,http://dbpedia.org/resource/Dumb_and_Dumber
1024,http://dbpedia.org/resource/Masada_Live_at_Tonic_1999
896,http://dbpedia.org/resource/The_Sweet_Hereafter_%28film%29
884,http://dbpedia.org/resource/Year_of_the_Horse
1006,http://dbpedia.org/resource/Until_the_End_of_the_World
479,http://dbpedia.org/resource/Vertigo_%28film%29
987,http://dbpedia.org/resource/Underworld_%281927_film%29
1396,http://dbpedia.org/resource/Stonewall_%28film%29
417,http://dbpedia.org/resource/The_Parent_Trap_II
1263,http://dbpedia.org/resource/Foxfire_%281996_film%29
926,http://dbpedia.org/resource/Down_Periscope
909,http://dbpedia.org/resource/Dangerous_Beauty
1643,http://dbpedia.org/resource/Angel_Baby_%281995_film%29
1004,http://dbpedia.org/resource/Geronimo:_An_American_Legend
1413,http://dbpedia.org/resource/Street_Fighter_%28film%29
532,http://dbpedia.org/resource/Kama_Sutra:_A_Tale_of_Love
1621,http://dbpedia.org/resource/Butterfly_Kiss
879,http://dbpedia.org/resource/The_Lacemaker
775,http://dbpedia.org/resource/Something_to_Talk_About_%28film%29
347,http://dbpedia.org/resource/Wag_the_Dog
1593,http://dbpedia.org/resource/Death_in_Brunswick
259,http://dbpedia.org/resource/George_of_the_Jungle_2
588,http://dbpedia.org/resource/Beauty_and_the_Beast_%281991_film%29
604,http://dbpedia.org/resource/It_Happened_One_Night
1083,http://dbpedia.org/resource/Albino_Alligator
252,http://dbpedia.org/resource/The_Lost_World:_Jurassic_Park
967,http://dbpedia.org/resource/Little_Lord_Fauntleroy_%281936_film%29
195,http://dbpedia.org/resource/Exterminator_2
1015,http://dbpedia.org/resource/Shiloh_%28film%29
598,http://dbpedia.org/resource/Mi_esqueleto
7,http://dbpedia.org/resource/Twelve_Months_%281980_film%29
1497,http://dbpedia.org/resource/The_Line_King:_The_Al_Hirschfeld_Story
287,http://dbpedia.org/resource/Marvin%27s_Room_%28film%29
1191,http://dbpedia.org/resource/Letters_from_Lehrer
359,http://dbpedia.org/resource/Stolen_Assignment
160,http://dbpedia.org/resource/Glengarry_Glen_Ross_%28film%29
1010,http://dbpedia.org/resource/Basquiat
602,http://dbpedia.org/resource/An_American_in_Paris_%28film%29
869,http://dbpedia.org/resource/Fools_Rush_In
1292,http://dbpedia.org/resource/A_Simple_Wish
670,http://dbpedia.org/resource/Body_Snatchers_%281993_film%29
169,http://dbpedia.org/resource/The_Wrong_Trousers
1624,http://dbpedia.org/resource/Hush_%281998_film%29
844,http://dbpedia.org/resource/Freeway_%281996_film%29
285,http://dbpedia.org/resource/Secrets_%26_Lies_%28film%29
1269,http://dbpedia.org/resource/Love_in_the_Afternoon_%281957_film%29
812,http://dbpedia.org/resource/Andre_%28film%29
1682,http://dbpedia.org/resource/Scream_of_Stone
1050,http://dbpedia.org/resource/The_Ghost_and_Mrs._Muir
1372,http://dbpedia.org/resource/Strange_Brew
1343,http://dbpedia.org/resource/Lost_and_Won
528,http://dbpedia.org/resource/Killing_Birds
17,http://dbpedia.org/resource/From_Dusk_till_Dawn
335,http://dbpedia.org/resource/How_to_Behave
1078,http://dbpedia.org/resource/Oliver_%26_Company
956,http://dbpedia.org/resource/Nobody%27s_Fool_%281994_film%29
98,http://dbpedia.org/resource/The_Silence_of_the_Hams
16,http://dbpedia.org/resource/French_Twist
156,http://dbpedia.org/resource/Reservoir_Dogs
175,http://dbpedia.org/resource/Brazil_%281985_film%29
148,http://dbpedia.org/resource/The_Ghost_and_the_Darkness
1107,http://dbpedia.org/resource/Beyond_Rangoon
92,http://dbpedia.org/resource/True_Romance
1247,http://dbpedia.org/resource/Bad_Girls_%28film%29
623,http://dbpedia.org/resource/Angels_in_the_Outfield_%281994_film%29
1516,http://dbpedia.org/resource/Wedding_Night
1064,http://dbpedia.org/resource/Crossfire_%28film%29
350,http://dbpedia.org/resource/Fallen_%28film%29
209,http://dbpedia.org/resource/This_Is_Spinal_Tap
1200,http://dbpedia.org/resource/Kismet_%281930_film%29
1401,http://dbpedia.org/resource/M._Butterfly_%28film%29
687,http://dbpedia.org/resource/McHale%27s_Navy_%28film%29
278,http://dbpedia.org/resource/Bed_of_Roses_%28film%29
800,http://dbpedia.org/resource/In_the_Mouth_of_Madness
710,http://dbpedia.org/resource/Better_Off_Dead_%28film%29
1057,http://dbpedia.org/resource/The_Pallbearer
593,http://dbpedia.org/resource/Stalingrad_%28film%29
1147,http://dbpedia.org/resource/My_Family_%28film%29
1243,http://dbpedia.org/resource/Nightflyers
807,http://dbpedia.org/resource/Poetic_Justice_%28film%29
248,http://dbpedia.org/resource/Grosse_Pointe_Blank
231,http://dbpedia.org/resource/Batman_Returns
655,http://dbpedia.org/resource/Stand_by_Me_%28film%29
731,http://dbpedia.org/resource/Amorina
524,http://dbpedia.org/resource/The_Great_Dictator
802,http://dbpedia.org/resource/Hard_Target
1673,http://dbpedia.org/resource/Mirage_%281965_film%29
1540,http://dbpedia.org/resource/The_Amazing_Panda_Adventure
398,http://dbpedia.org/resource/Super_Mario_Bros._%28film%29
881,http://dbpedia.org/resource/Money_Talks
848,http://dbpedia.org/resource/Murder%21
722,http://dbpedia.org/resource/Nine_Months
1003,http://dbpedia.org/resource/That_Darn_Cat_%281997_film%29
316,http://dbpedia.org/resource/As_Good_as_It_Gets
1103,http://dbpedia.org/resource/Trust_%28film%29
1304,http://dbpedia.org/resource/New_York_Town
894,http://dbpedia.org/resource/Home_Alone_3
590,http://dbpedia.org/resource/Hellraiser:_Bloodline
48,http://dbpedia.org/resource/Hoop_Dreams
1358,http://dbpedia.org/resource/The_Deadly_Duo
566,http://dbpedia.org/resource/Clear_and_Present_Danger_%28film%29
556,http://dbpedia.org/resource/Wild_Bill_%28film%29
952,http://dbpedia.org/resource/Blue_in_the_Face
1198,http://dbpedia.org/resource/Purple_Noon
781,http://dbpedia.org/resource/French_Kiss_%28film%29
983,http://dbpedia.org/resource/The_Rich_Man%27s_Wife
564,http://dbpedia.org/resource/Tales_from_the_Hood
581,http://dbpedia.org/resource/Kalifornia
725,http://dbpedia.org/resource/Exit_to_Eden_%28film%29
774,http://dbpedia.org/resource/The_Prophecy
1378,http://dbpedia.org/resource/Rhyme_%26_Reason_%28film%29
182,http://dbpedia.org/resource/Goodfellas
648,http://dbpedia.org/resource/The_Quiet_Man
1534,http://dbpedia.org/resource/Twin_Town
816,http://dbpedia.org/resource/Candyman_2:_Farewell_to_the_Flesh
729,http://dbpedia.org/resource/Nell_%28film%29
755,http://dbpedia.org/resource/Jumanji_%28film%29
852,http://dbpedia.org/resource/Bloody_27_%28film%29
454,http://dbpedia.org/resource/Bastard_Out_of_Carolina_%28film%29
168,http://dbpedia.org/resource/Monty_Python_and_the_Holy_Grail
683,http://dbpedia.org/resource/RocketMan
340,http://dbpedia.org/resource/Boogie_Nights
1223,http://dbpedia.org/resource/King_of_the_Hill_%28film%29
776,http://dbpedia.org/resource/Three_Wishes_%28film%29
889,http://dbpedia.org/resource/The_Tango_Lesson
462,http://dbpedia.org/resource/Like_Water_for_Chocolate_%28film%29
176,http://dbpedia.org/resource/Alien_Siege
685,http://dbpedia.org/resource/Executive_Decision
546,http://dbpedia.org/resource/Broken_Arrow_%281996_film%29
1341,http://dbpedia.org/resource/Hedd_Wyn_%28film%29
1486,http://dbpedia.org/resource/Girl_in_the_Cadillac
74,http://dbpedia.org/resource/Faster%2C_Pussycat%21_Kill%21_Kill%21
1480,http://dbpedia.org/resource/Herbie_Rides_Again
535,http://dbpedia.org/resource/Addicted_to_Love_%28film%29
198,http://dbpedia.org/resource/Little_Nikita
609,http://dbpedia.org/resource/Father_of_the_Bride_%281950_film%29
767,http://dbpedia.org/resource/The_Addiction
1585,http://dbpedia.org/resource/American_Dream_%28film%29
1056,http://dbpedia.org/resource/Cronos_%28film%29
132,http://dbpedia.org/resource/Wizards_%28film%29
1554,http://dbpedia.org/resource/Safe_Passage_%28film%29
778,http://dbpedia.org/resource/Don_Juan_DeMarco
1199,http://dbpedia.org/resource/Cameriera_bella_presenza_offresi...
179,http://dbpedia.org/resource/A_Clockwork_Orange_%28film%29
346,http://dbpedia.org/resource/Jackie_Brown_%28film%29
1286,http://dbpedia.org/resource/Shall_We_Dance_%281937_film%29
1568,http://dbpedia.org/resource/Vermont_Is_for_Lovers
630,http://dbpedia.org/resource/The_Great_Race
375,http://dbpedia.org/resource/Showgirls
1533,http://dbpedia.org/resource/I_Don%27t_Want_to_Talk_About_It_%28film%29
892,http://dbpedia.org/resource/Flubber_%28film%29
988,http://dbpedia.org/resource/The_Beautician_and_the_Beast
455,http://dbpedia.org/resource/Jackie_Chan:_My_Stunts
1135,http://dbpedia.org/resource/Red_Doors
216,http://dbpedia.org/resource/When_Harry_Met_Sally...
277,http://dbpedia.org/resource/Restoration_%28film%29
629,http://dbpedia.org/resource/Victor_Victoria
1204,http://dbpedia.org/resource/To_Be_or_Not_to_Be_%281942_film%29
545,http://dbpedia.org/resource/Vampire_in_Brooklyn
521,http://dbpedia.org/resource/The_Deer_Hunter
1020,http://dbpedia.org/resource/Gaslight_%281944_film%29
187,http://dbpedia.org/resource/The_Godfather_Part_II
1303,http://dbpedia.org/resource/Getawarayo
1084,http://dbpedia.org/resource/Anne_Frank_Remembered
1218,http://dbpedia.org/resource/Friday_%28film%29
957,http://dbpedia.org/resource/Pushing_Hands_%28film%29
999,http://dbpedia.org/resource/Clean_Slate_%281994_film%29
1069,http://dbpedia.org/resource/Amateur_%28film%29
226,http://dbpedia.org/resource/Die_Hard_2
393,http://dbpedia.org/resource/Mrs._Doubtfire
1460,http://dbpedia.org/resource/Sleepover_%28film%29
463,http://dbpedia.org/resource/The_Secret_of_Roan_Inish
1375,http://dbpedia.org/resource/Sergeant_Madden
1206,http://dbpedia.org/resource/Amos_%26_Andrew
1478,http://dbpedia.org/resource/Dead_Presidents
370,http://dbpedia.org/resource/Mary_Reilly_%28film%29
20,http://dbpedia.org/resource/Angels_%26_Insects
1249,http://dbpedia.org/resource/For_Love_or_Money_%28film%29
142,http://dbpedia.org/resource/Bedknobs_and_Broomsticks
769,http://dbpedia.org/resource/Congorama
1031,http://dbpedia.org/resource/Lassie_%281994_film%29
837,http://dbpedia.org/resource/Meet_John_Doe
1432,http://dbpedia.org/resource/The_Mighty
1662,http://dbpedia.org/resource/Black_Magic_%281949_film%29
853,http://dbpedia.org/resource/Brain_Dead_%281990_film%29
785,http://dbpedia.org/resource/Only_You_%281994_film%29
887,http://dbpedia.org/resource/Eve%27s_Bayou
178,http://dbpedia.org/resource/12_Angry_Men_%281957_film%29
55,http://dbpedia.org/resource/Le_Professionnel
1266,http://dbpedia.org/resource/Bread_and_Chocolate
110,http://dbpedia.org/resource/Operation_Dumbo_Drop
1104,http://dbpedia.org/resource/C%27%C3%A9tait_un_rendez-vous
1090,http://dbpedia.org/resource/Sliver_%28film%29
543,http://dbpedia.org/resource/Les_Diables
1176,http://dbpedia.org/resource/Welcome_to_Sarajevo
153,http://dbpedia.org/resource/A_Fish_Called_Wanda
984,http://dbpedia.org/resource/Shadow_Conspiracy
619,http://dbpedia.org/resource/Extreme_Measures
1082,http://dbpedia.org/resource/Perversion_%28film%29
1092,http://dbpedia.org/resource/Dear_God
184,http://dbpedia.org/resource/Army_of_Darkness
1119,http://dbpedia.org/resource/Some_Kind_of_Wonderful_%28film%29
1329,http://dbpedia.org/resource/Lovelife
1132,http://dbpedia.org/resource/Feeling_Minnesota
432,http://dbpedia.org/resource/Fantasia_2000
1070,http://dbpedia.org/resource/Living_in_Oblivion
1322,http://dbpedia.org/resource/I_Missed_Flight_93
88,http://dbpedia.org/resource/Sleepless_in_Seattle
35,http://dbpedia.org/resource/Free_Willy_2:_The_Adventure_Home
152,http://dbpedia.org/resource/Sleeper_%28film%29
621,http://dbpedia.org/resource/Daybreakers
386,http://dbpedia.org/resource/Addams_Family_Values
1542,http://dbpedia.org/resource/Scarlet_Street
288,http://dbpedia.org/resource/Scream_%28film%29
1474,http://dbpedia.org/resource/Ida_Makes_a_Movie
357,http://dbpedia.org/resource/One_Flew_Over_the_Cuckoo%27s_Nest_%28film%29
130,http://dbpedia.org/resource/Kansas_City_%281996_film%29
1434,http://dbpedia.org/resource/Shooting_Fish
1011,http://dbpedia.org/resource/2_Days_in_the_Valley
897,http://dbpedia.org/resource/Time_Chasers
107,http://dbpedia.org/resource/Moll_Flanders_%281996_film%29
1659,http://dbpedia.org/resource/Getting_Away_with_Murder_%281996_film%29
906,http://dbpedia.org/resource/Svart_Lucia
1157,http://dbpedia.org/resource/Kelid
953,http://dbpedia.org/resource/Unstrung_Heroes
403,http://dbpedia.org/resource/Batman_%281989_film%29
831,http://dbpedia.org/resource/Escape_from_L.A.
836,http://dbpedia.org/resource/Ninotchka
5,http://dbpedia.org/resource/Copycat_%28film%29
503,http://dbpedia.org/resource/Bandidas
57,http://dbpedia.org/resource/Priest_%281994_film%29
382,http://dbpedia.org/resource/Adventures_of_a_Private_Eye
143,http://dbpedia.org/resource/The_Sound_of_Music_%28film%29
1346,http://dbpedia.org/resource/Dingo_%28film%29
1048,http://dbpedia.org/resource/She%27s_the_One
144,http://dbpedia.org/resource/Die_Hard
943,http://dbpedia.org/resource/Killing_Zoe
391,http://dbpedia.org/resource/Last_Action_Hero
899,http://dbpedia.org/resource/The_Winter_Guest
1336,http://dbpedia.org/resource/Kazaam
773,http://dbpedia.org/resource/Mute_Witness
1118,http://dbpedia.org/resource/Up_in_Smoke
1678,http://dbpedia.org/resource/Mantis_in_Lace
982,http://dbpedia.org/resource/Maximum_Risk
938,http://dbpedia.org/resource/A_Smile_Like_Yours
1013,http://dbpedia.org/resource/Anaconda_%28film%29
3,http://dbpedia.org/resource/Four_Rooms
65,http://dbpedia.org/resource/What%27s_Eating_Gilbert_Grape
1393,http://dbpedia.org/resource/Shag_%281989_film%29
536,http://dbpedia.org/resource/Ponette
1550,http://dbpedia.org/resource/Destiny_Turns_on_the_Radio
1543,http://dbpedia.org/resource/Johns_%28film%29
114,http://dbpedia.org/resource/Wallace_%26_Gromit:_The_Best_of_Aardman_Animation
770,http://dbpedia.org/resource/Devil_in_a_Blue_Dress_%28film%29
990,http://dbpedia.org/resource/Anna_Karenina_%281997_film%29
58,http://dbpedia.org/resource/Quiz_Show
76,http://dbpedia.org/resource/Carlito%27s_Way
290,http://dbpedia.org/resource/Fierce_Creatures
1404,http://dbpedia.org/resource/Withnail_and_I
1569,http://dbpedia.org/resource/Villa_Estrella
1449,http://dbpedia.org/resource/Pather_Panchali
1458,http://dbpedia.org/resource/A_Damsel_in_Distress_%28film%29
1185,http://dbpedia.org/resource/In_the_Army_Now_%28film%29
1182,http://dbpedia.org/resource/Cops_and_Robbers_%281951_film%29
704,http://dbpedia.org/resource/Juliet_of_the_Spirits
1295,http://dbpedia.org/resource/Knife_in_the_Head
839,http://dbpedia.org/resource/Loch_Ness_%28film%29
1018,http://dbpedia.org/resource/Tie_Me_Up%21_Tie_Me_Down%21
1675,http://dbpedia.org/resource/Sunchaser
822,http://dbpedia.org/resource/Faces_%28film%29
251,http://dbpedia.org/resource/Shall_We_Dance%3F_%281996_film%29
743,http://dbpedia.org/resource/The_Crow:_City_of_Angels
1281,http://dbpedia.org/resource/Danny_Boy_%281946_film%29
827,http://dbpedia.org/resource/Daylight_%28film%29
1211,http://dbpedia.org/resource/Blue_Sky_%28film%29
342,http://dbpedia.org/resource/The_Man_Who_Knew_Too_Little
870,http://dbpedia.org/resource/Touched_%281983_film%29
1609,http://dbpedia.org/resource/B*A*P*S
714,http://dbpedia.org/resource/Carrington_%28film%29
381,http://dbpedia.org/resource/Muriel%27s_Wedding
1410,http://dbpedia.org/resource/Harem_%28film%29
1529,http://dbpedia.org/resource/Underground_%281995_film%29
1085,http://dbpedia.org/resource/Carried_Away_%28film%29
788,http://dbpedia.org/resource/Relative_Fear
1054,http://dbpedia.org/resource/Mr._Wrong
79,http://dbpedia.org/resource/Fugitive_Valley
27,http://dbpedia.org/resource/Bad_Boys_%281995_film%29
930,http://dbpedia.org/resource/Chain_Reaction_%28film%29
193,http://dbpedia.org/resource/The_Stuff
428,http://dbpedia.org/resource/Harold_and_Maude
789,http://dbpedia.org/resource/Swimming_with_Sharks
349,http://dbpedia.org/resource/Hard_Rain_%28film%29
269,http://dbpedia.org/resource/The_Full_Monty
1541,http://dbpedia.org/resource/The_Prince_of_Egypt
367,http://dbpedia.org/resource/Clueless_%28film%29
962,http://dbpedia.org/resource/Ruby_in_Paradise
295,http://dbpedia.org/resource/Breakdown_%28film%29
46,http://dbpedia.org/resource/Exotica_%28film%29
447,http://dbpedia.org/resource/Carrie_%281976_film%29
721,http://dbpedia.org/resource/Mallrats
632,http://dbpedia.org/resource/Sophie%27s_Choice_%28film%29
188,http://dbpedia.org/resource/Full_Metal_Jacket
411,http://dbpedia.org/resource/The_Nutty_Professor
1140,http://dbpedia.org/resource/The_Road_to_Wellville_%28film%29
1495,http://dbpedia.org/resource/Flirt_%28film%29
1260,http://dbpedia.org/resource/Total_Eclipse_%28film%29
821,http://dbpedia.org/resource/Mrs._Winterbourne
1067,http://dbpedia.org/resource/Bottle_Rocket
1539,http://dbpedia.org/resource/Being_Human_%28film%29
1195,http://dbpedia.org/resource/Strawberry_and_Chocolate_%28film%29
336,http://dbpedia.org/resource/Playing_God_%28film%29
703,http://dbpedia.org/resource/Widows%27_Peak
1141,http://dbpedia.org/resource/The_War_Room
469,http://dbpedia.org/resource/Short_Cuts
185,http://dbpedia.org/resource/Psycho_%281960_film%29
77,http://dbpedia.org/resource/%28_%29_%28film%29
200,http://dbpedia.org/resource/Ploning
1305,http://dbpedia.org/resource/National_Lampoon%27s_Senior_Trip
4,http://dbpedia.org/resource/Get_Shorty_%28film%29
229,http://dbpedia.org/resource/Star_Trek_III:_The_Search_for_Spock
1605,http://dbpedia.org/resource/Love_Serenade
372,http://dbpedia.org/resource/Jeffrey_%28film%29
1278,http://dbpedia.org/resource/Selena_%28film%29
1102,http://dbpedia.org/resource/Two_Much
319,http://dbpedia.org/resource/Everyone_Says_I_Love_You
210,http://dbpedia.org/resource/Indiana_Jones_and_the_Last_Crusade
121,http://dbpedia.org/resource/Independence_Day_%28film%29
922,http://dbpedia.org/resource/Dead_Man
330,http://dbpedia.org/resource/1871_%28film%29
1364,http://dbpedia.org/resource/Bird_of_Paradise_%281932_film%29
966,http://dbpedia.org/resource/An_Affair_to_Remember
1535,http://dbpedia.org/resource/Tengers
1351,http://dbpedia.org/resource/Lovers%27_Kiss
735,http://dbpedia.org/resource/Philadelphia_%28film%29
286,http://dbpedia.org/resource/The_English_Patient_%28film%29
518,http://dbpedia.org/resource/Miller%27s_Crossing
746,http://dbpedia.org/resource/Real_Genius
643,http://dbpedia.org/resource/The_Innocent_%281993_film%29
225,http://dbpedia.org/resource/101_Dalmatians_%281996_film%29
71,http://dbpedia.org/resource/The_Lion_King
986,http://dbpedia.org/resource/Turbulence_%281997_film%29
430,http://dbpedia.org/resource/Duck_Soup_%281933_film%29
276,http://dbpedia.org/resource/Leaving_Las_Vegas
792,http://dbpedia.org/resource/Bullets_Over_Broadway
1300,http://dbpedia.org/resource/%27Til_There_Was_You
1471,http://dbpedia.org/resource/Hideaway_%28film%29
830,http://dbpedia.org/resource/Power_98_%28film%29
538,http://dbpedia.org/resource/Anastasia_%281997_film%29
719,http://dbpedia.org/resource/Canadian_Bacon
1520,http://dbpedia.org/resource/Fear_X
1277,http://dbpedia.org/resource/Set_It_Off
1280,http://dbpedia.org/resource/Gang_Related
578,http://dbpedia.org/resource/Demolition_Man_%28film%29
730,http://dbpedia.org/resource/We_Married_Margo
695,http://dbpedia.org/resource/Kicking_and_Screaming
201,http://dbpedia.org/resource/Evil_Dead_II
1466,http://dbpedia.org/resource/Margaret%27s_Museum
594,http://dbpedia.org/resource/Heavy_%28film%29
851,http://dbpedia.org/resource/Two_or_Three_Things_I_Know_About_Her
56,http://dbpedia.org/resource/Pulp_Fiction_%28film%29
971,http://dbpedia.org/resource/Mediterraneo_%28film%29
944,http://dbpedia.org/resource/Renaissance_Man_%28film%29
205,http://dbpedia.org/resource/Patton_%28film%29
1488,http://dbpedia.org/resource/Germinal_%281993_film%29
62,http://dbpedia.org/resource/Stargate_%28film%29
1479,http://dbpedia.org/resource/Reckless_%281995_film%29
270,http://dbpedia.org/resource/Gattaca
613,http://dbpedia.org/resource/My_Man_Godfrey
817,http://dbpedia.org/resource/Frisk_%28film%29
423,http://dbpedia.org/resource/E.T._the_Extra-Terrestrial
1291,http://dbpedia.org/resource/Celtic_Pride
1409,http://dbpedia.org/resource/The_Swan_Princess
706,http://dbpedia.org/resource/Bad_Moon
68,http://dbpedia.org/resource/The_Crowd
1076,http://dbpedia.org/resource/The_Pagemaster
485,http://dbpedia.org/resource/My_Fair_Lady_%28film%29
1602,http://dbpedia.org/resource/A_Price_Above_Rubies
672,http://dbpedia.org/resource/Candyman_%28film%29
1577,http://dbpedia.org/resource/Death_in_the_Garden
1606,http://dbpedia.org/resource/Deceiver_%28film%29
1655,http://dbpedia.org/resource/The_Favor
488,http://dbpedia.org/resource/Sunset_Boulevard_%28film%29
786,http://dbpedia.org/resource/Pure_as_a_Lily
717,http://dbpedia.org/resource/The_Juror
472,http://dbpedia.org/resource/Dragonheart
833,http://dbpedia.org/resource/Bulletproof_%281996_film%29
1620,http://dbpedia.org/resource/Sam_the_Man
618,http://dbpedia.org/resource/Picnic_%281955_film%29
509,http://dbpedia.org/resource/My_Left_Foot_%28film%29
331,http://dbpedia.org/resource/Peege
981,http://dbpedia.org/resource/Dangerous_Ground
652,http://dbpedia.org/resource/Rosencrantz_and_Guildenstern_Are_Undead
1017,http://dbpedia.org/resource/Trees_Lounge
917,http://dbpedia.org/resource/Mercury_Rising
272,http://dbpedia.org/resource/Good_Will_Hunting
614,http://dbpedia.org/resource/Giant_%28film%29
674,http://dbpedia.org/resource/Cat_People_%281982_film%29
940,http://dbpedia.org/resource/Airheads
550,http://dbpedia.org/resource/Die_Hard_with_a_Vengeance
596,http://dbpedia.org/resource/The_Hunchback_of_Notre_Dame_II
118,http://dbpedia.org/resource/Twister_%281996_film%29
425,http://dbpedia.org/resource/Bob_Roberts
949,http://dbpedia.org/resource/How_to_Make_an_American_Quilt
1503,http://dbpedia.org/resource/Gold_Diggers:_The_Secret_of_Bear_Mountain
212,http://dbpedia.org/resource/The_Unbearable_Lightness_of_Being_%28film%29
261,http://dbpedia.org/resource/Air_Bud
901,http://dbpedia.org/resource/Mr._Magoo_%28film%29
1468,http://dbpedia.org/resource/Lured
245,http://dbpedia.org/resource/Evil_Town
236,http://dbpedia.org/resource/Citizen_Ruth
1030,http://dbpedia.org/resource/The_Beverly_Hillbillies_%28film%29
439,http://dbpedia.org/resource/Amityville:_A_New_Generation
964,http://dbpedia.org/resource/A_Month_by_the_Lake
1407,http://dbpedia.org/resource/The_Specialist
1671,http://dbpedia.org/resource/The_Overture
223,http://dbpedia.org/resource/Sling_Blade
1470,http://dbpedia.org/resource/Gumby:_The_Movie
1142,http://dbpedia.org/resource/When_We_Were_Kings
668,http://dbpedia.org/resource/Blood_Bath
600,http://dbpedia.org/resource/Little_Robinson_Crusoe
868,http://dbpedia.org/resource/Hearts_and_Minds_%28film%29
951,http://dbpedia.org/resource/The_Indian_in_the_Cupboard_%28film%29
834,http://dbpedia.org/resource/Halloween:_The_Curse_of_Michael_Myers
1060,http://dbpedia.org/resource/Adventures_of_Power
504,http://dbpedia.org/resource/Bonnie_and_Clyde_%28film%29
873,http://dbpedia.org/resource/Picture_Perfect_%281997_film%29
954,http://dbpedia.org/resource/Unzipped_%28film%29
1123,http://dbpedia.org/resource/The_Last_Time_I_Saw_Paris
1250,http://dbpedia.org/resource/Best_of_the_Best_3:_No_Turning_Back
753,http://dbpedia.org/resource/Burnt_by_the_Sun
352,http://dbpedia.org/resource/Spice_World_%28film%29
1265,http://dbpedia.org/resource/Starman_%28film%29
1634,http://dbpedia.org/resource/Under_the_Domim_Tree
1610,http://dbpedia.org/resource/Truth_or_Consequences%2C_N.M._%28film%29
1485,http://dbpedia.org/resource/Colonel_Chabert_%281994_film%29
891,http://dbpedia.org/resource/Bent_%28film%29
867,http://dbpedia.org/resource/The_Whole_Wide_World
751,http://dbpedia.org/resource/A_Hero_Never_Dies
656,http://dbpedia.org/resource/M_%281931_film%29
416,http://dbpedia.org/resource/Old_Yeller_%281957_film%29
147,http://dbpedia.org/resource/The_Long_Kiss_Goodnight
1622,http://dbpedia.org/resource/Parisu
1262,http://dbpedia.org/resource/Walking_and_Talking
299,http://dbpedia.org/resource/Hoodlum_%26_Son
482,http://dbpedia.org/resource/Some_Like_It_Hot
1193,http://dbpedia.org/resource/Before_the_Revolution
1668,http://dbpedia.org/resource/Wedding_Bell_Blues_%28film%29
607,http://dbpedia.org/resource/Rebecca_%281940_film%29
1402,http://dbpedia.org/resource/Xiao_Wu
490,http://dbpedia.org/resource/To_Catch_a_Thief_%28film%29
409,http://dbpedia.org/resource/Jacknife
1029,http://dbpedia.org/resource/Jury_Duty_%28film%29
650,http://dbpedia.org/resource/The_Seventh_Seal
1001,http://dbpedia.org/resource/Spy_Kids
697,http://dbpedia.org/resource/The_Basketball_Diaries_%28film%29
1327,http://dbpedia.org/resource/Captives
890,http://dbpedia.org/resource/Mortal_Kombat:_Annihilation
1166,http://dbpedia.org/resource/Love_and_Human_Remains
1302,http://dbpedia.org/resource/Late_Bloomer
395,http://dbpedia.org/resource/Robin_Hood:_Men_in_Tights
260,http://dbpedia.org/resource/Event_Horizon_%28film%29
473,http://dbpedia.org/resource/James_and_the_Giant_Peach_%28film%29
410,http://dbpedia.org/resource/Kingpin_%28film%29
1373,http://dbpedia.org/resource/Good_Morning_%28film%29
163,http://dbpedia.org/resource/The_Return_of_the_Pink_Panther
1389,http://dbpedia.org/resource/Mondovino
1564,http://dbpedia.org/resource/Across_the_Bridge
1065,http://dbpedia.org/resource/Koyaanisqatsi
1371,http://dbpedia.org/resource/La_Chienne
638,http://dbpedia.org/resource/The_Return_of_Martin_Guerre
294,http://dbpedia.org/resource/Liar_Liar
427,http://dbpedia.org/resource/To_Kill_a_Mockingbird_%28film%29
923,http://dbpedia.org/resource/Raise_the_Red_Lantern
344,http://dbpedia.org/resource/The_Apostle
96,http://dbpedia.org/resource/Terminator_2:_Judgment_Day
1525,http://dbpedia.org/resource/The_Object_of_My_Affection
1259,http://dbpedia.org/resource/Pie_in_the_Sky_%281996_film%29
34,http://dbpedia.org/resource/The_Doom_Generation
1181,http://dbpedia.org/resource/A_Low_Down_Dirty_Shame
320,http://dbpedia.org/resource/The_Adventures_of_Robin_Hood_%28film%29
1335,http://dbpedia.org/resource/American_Flyers
146,http://dbpedia.org/resource/Unhook_the_Stars
689,http://dbpedia.org/resource/Jack-O
726,http://dbpedia.org/resource/Fluke_%28film%29
253,http://dbpedia.org/resource/Willowbee
659,http://dbpedia.org/resource/Arsenic_and_Old_Lace_%28film%29
1349,http://dbpedia.org/resource/Limehouse_Blues
1016,http://dbpedia.org/resource/Con_Air
1314,http://dbpedia.org/resource/Surviving_the_Game
33,http://dbpedia.org/resource/Desperado_%28film%29
842,http://dbpedia.org/resource/Pollyanna_%281960_film%29
771,http://dbpedia.org/resource/Johnny_Mnemonic_%28film%29
1047,http://dbpedia.org/resource/Multiplicity_%28film%29
264,http://dbpedia.org/resource/Mimic_2
1414,http://dbpedia.org/resource/Coldblooded_%28film%29
904,http://dbpedia.org/resource/La_Vie_en_rose_%28film%29
1126,http://dbpedia.org/resource/Solomon_and_Sheba
1008,http://dbpedia.org/resource/I_Shot_Andy_Warhol
835,http://dbpedia.org/resource/The_Gay_Divorcee
998,http://dbpedia.org/resource/Cabin_Boy
633,http://dbpedia.org/resource/Christmas_Caper
515,http://dbpedia.org/resource/Bhoot
1311,http://dbpedia.org/resource/Waiting_to_Exhale
1284,http://dbpedia.org/resource/Before_and_After_%28film%29
1167,http://dbpedia.org/resource/Sumolah
1133,http://dbpedia.org/resource/Escape_to_Witch_Mountain_%281975_film%29
396,http://dbpedia.org/resource/Serial_Mom
1039,http://dbpedia.org/resource/Hamlet_%281996_film%29
1615,http://dbpedia.org/resource/Warriors_of_Virtue
29,http://dbpedia.org/resource/Batman_Forever
1461,http://dbpedia.org/resource/Here_Comes_the_Navy
300,http://dbpedia.org/resource/Air_Force_One_%28film%29
1644,http://dbpedia.org/resource/Maid_in_Manhattan
333,http://dbpedia.org/resource/G%40me
745,http://dbpedia.org/resource/The_Ruling_Class
1023,http://dbpedia.org/resource/Fathers%27_Day_%28film%29
1194,http://dbpedia.org/resource/Once_Were_Warriors_%28film%29
445,http://dbpedia.org/resource/The_Bone_Snatcher
1445,http://dbpedia.org/resource/Ladybird%2C_Ladybird_%28film%29
784,http://dbpedia.org/resource/Beyond_Bengal
1334,http://dbpedia.org/resource/Someone_to_Love_%28film%29
1162,http://dbpedia.org/resource/Phat_Beach
1089,http://dbpedia.org/resource/Speed_2:_Cruise_Control
173,http://dbpedia.org/resource/The_Princess_Blade
244,http://dbpedia.org/resource/Smilla%27s_Sense_of_Snow_%28film%29
1446,http://dbpedia.org/resource/Bye-Bye_%28film%29
192,http://dbpedia.org/resource/Raging_Bull
555,http://dbpedia.org/resource/White_Man%27s_Burden_%28film%29
616,http://dbpedia.org/resource/Night_of_the_Living_Dead_3D
23,http://dbpedia.org/resource/Taxi_Driver
866,http://dbpedia.org/resource/Michael_%281996_film%29
1374,http://dbpedia.org/resource/Falling_in_Love_%28film%29
1640,http://dbpedia.org/resource/Light_of_Day
505,http://dbpedia.org/resource/Dial_M_for_Murder
1217,http://dbpedia.org/resource/Assassins_%281995_film%29
927,http://dbpedia.org/resource/The_Flower_of_My_Secret
378,http://dbpedia.org/resource/Miracle_on_34th_Street_%281994_film%29
1462,http://dbpedia.org/resource/Thieves_and_Liars
522,http://dbpedia.org/resource/Down_by_Law_%28film%29
263,http://dbpedia.org/resource/Steel_Dawn
123,http://dbpedia.org/resource/The_Frighteners
219,http://dbpedia.org/resource/A_Nightmare_on_Elm_Street
1258,http://dbpedia.org/resource/Trial_and_Error_%281997_film%29
1604,http://dbpedia.org/resource/He_Walked_by_Night
1160,http://dbpedia.org/resource/Love%21_Valour%21_Compassion%21_%28film%29
199,http://dbpedia.org/resource/The_Bridge_on_the_River_Kwai
1526,http://dbpedia.org/resource/Witness_%281985_film%29
1149,http://dbpedia.org/resource/Walkabout_%28film%29
700,http://dbpedia.org/resource/Miami_Rhapsody
669,http://dbpedia.org/resource/Body_Parts_%281991_film%29
809,http://dbpedia.org/resource/Rising_Sun_%28film%29
1380,http://dbpedia.org/resource/Hollow_Reed
1586,http://dbpedia.org/resource/Last_House_Standing
387,http://dbpedia.org/resource/A_Moment_of_Innocence
15,http://dbpedia.org/resource/Mr._Holland%27s_Opus
1034,http://dbpedia.org/resource/Di_que_s%C3%AD
758,http://dbpedia.org/resource/The_Lawnmower_Man_2:_Beyond_Cyberspace
206,http://dbpedia.org/resource/Akarshan_%281988_film%29
716,http://dbpedia.org/resource/Home_for_the_Holidays_%28film%29
1148,http://dbpedia.org/resource/Tom_%26_Viv
1390,http://dbpedia.org/resource/Innocent_Sorcerers
1456,http://dbpedia.org/resource/Beat_the_Devil
843,http://dbpedia.org/resource/Shagird
841,http://dbpedia.org/resource/The_Glimmer_Man
527,http://dbpedia.org/resource/Gandhi_%28film%29
44,http://dbpedia.org/resource/Dolores_Claiborne_%28film%29
861,http://dbpedia.org/resource/Nosferatu_the_Vampyre
1439,http://dbpedia.org/resource/Jason%27s_Lyric
19,http://dbpedia.org/resource/Antonia_%28film%29
918,http://dbpedia.org/resource/City_of_Angels
247,http://dbpedia.org/resource/Turbo:_A_Power_Rangers_Movie
574,http://dbpedia.org/resource/Boxing_Helena
1510,http://dbpedia.org/resource/Mad_Dog_Time
1025,http://dbpedia.org/resource/Fire_Down_Below_%281997_film%29
67,http://dbpedia.org/resource/Ace_Ventura:_Pet_Detective
911,http://dbpedia.org/resource/Twilight_%281998_film%29
932,http://dbpedia.org/resource/First_Kid
662,http://dbpedia.org/resource/Somewhere_in_Time_%28film%29
1212,http://dbpedia.org/resource/Flesh_and_Bone_%28film%29
893,http://dbpedia.org/resource/For_Richer_or_Poorer
1158,http://dbpedia.org/resource/Fille_du_peuple
1589,http://dbpedia.org/resource/Schizopolis
863,http://dbpedia.org/resource/The_Garden_of_the_Finzi-Continis_%28film%29
289,http://dbpedia.org/resource/Evita_%28film%29
797,http://dbpedia.org/resource/Timecop
1491,http://dbpedia.org/resource/Dough_and_Dynamite
723,http://dbpedia.org/resource/Boys_on_the_Side
772,http://dbpedia.org/resource/Kids_%28film%29
1379,http://dbpedia.org/resource/Love_and_Other_Catastrophes
1117,http://dbpedia.org/resource/Surviving_Picasso
1235,http://dbpedia.org/resource/Being_There
1320,http://dbpedia.org/resource/Roommates_%281995_film%29
1611,http://dbpedia.org/resource/Intimate_Relations_%281996_film%29
1241,http://dbpedia.org/resource/Aan
1216,http://dbpedia.org/resource/Kissed
452,http://dbpedia.org/resource/Jaws_2
448,http://dbpedia.org/resource/T-Men
1563,http://dbpedia.org/resource/La_promesse
1188,http://dbpedia.org/resource/Young_Guns_II
1237,http://dbpedia.org/resource/Twisted_%281996_film%29
362,http://dbpedia.org/resource/Blues_Brothers_2000
459,http://dbpedia.org/resource/C.R.A.Z.Y.
1287,http://dbpedia.org/resource/FL_19%2C99
1391,http://dbpedia.org/resource/For_Ever_Mozart
1367,http://dbpedia.org/resource/Faust_%281994_film%29
1451,http://dbpedia.org/resource/Foreign_Correspondent_%28film%29
177,http://dbpedia.org/resource/Gordy
441,http://dbpedia.org/resource/Amityville_Dollhouse
1524,http://dbpedia.org/resource/Paper_Chasers
356,http://dbpedia.org/resource/Alien_3
394,http://dbpedia.org/resource/Radioland_Murders
1208,http://dbpedia.org/resource/Kiss_of_Death_%281995_film%29
1537,http://dbpedia.org/resource/Crash_%281996_film%29
451,http://dbpedia.org/resource/Grease_2
931,http://dbpedia.org/resource/Island_of_Fire
222,http://dbpedia.org/resource/Star_Trek:_First_Contact
764,http://dbpedia.org/resource/If_Lucy_Fell
576,http://dbpedia.org/resource/Cliffhanger_%28film%29
1476,http://dbpedia.org/resource/Raw_Deal_%281948_film%29
475,http://dbpedia.org/resource/Trainspotting_%28film%29
705,http://dbpedia.org/resource/Singin%27_in_the_Rain
131,http://dbpedia.org/resource/Breakfast_at_Tiffany%27s_%28film%29
1229,http://dbpedia.org/resource/Poison_Ivy_II:_Lily
864,http://dbpedia.org/resource/My_Fellow_Americans
1674,http://dbpedia.org/resource/Mamma_Roma
308,http://dbpedia.org/resource/FairyTale:_A_True_Story
487,http://dbpedia.org/resource/Roman_Holiday
313,http://dbpedia.org/resource/Titanic_%281997_film%29
1521,http://dbpedia.org/resource/Mr._Wonderful_%28film%29
373,http://dbpedia.org/resource/Judge_Dredd_%28film%29
507,http://dbpedia.org/resource/A_Streetcar_Named_Desire_%281951_film%29
1046,http://dbpedia.org/resource/Malice_%28film%29
811,http://dbpedia.org/resource/Thirty_Two_Short_Films_About_Glenn_Gould
1315,http://dbpedia.org/resource/Inventing_the_Abbotts
303,http://dbpedia.org/resource/Ulee%27s_Gold
547,http://dbpedia.org/resource/The_Young_Poisoner%27s_Handbook
171,http://dbpedia.org/resource/Delicatessen_%28film%29
413,http://dbpedia.org/resource/Tales_from_the_Crypt_%28film%29
1221,http://dbpedia.org/resource/When_a_Man_Loves_a_Woman_%28film%29
939,http://dbpedia.org/resource/Murder_in_the_First
1557,http://dbpedia.org/resource/Yankee_%28film%29
1677,http://dbpedia.org/resource/Sweet_Nothing
18,http://dbpedia.org/resource/The_White_Balloon
127,http://dbpedia.org/resource/The_Godfather